Date,T,TM,Tm,SLP,H,VV,V,VM,AQI
2021-01-01,12.85,18.5,0.33,1005,75.71,4.96,6.92,7.2,171.73
2021-01-02,12.8,18.4,0.21,1020,74.63,4.72,6.92,7.2,186.17
2021-01-03,13.85,20.5,0.43,1018,74.15,4.37,6.92,7.2,178.75
2021-01-04,12.3,17.4,2.9,1014,88.41,43.61,6.92,7.2,288.38
2021-01-05,13.2,19.2,0.79,1004,75.99,2.97,6.92,7.2,319.08
2021-01-06,15.5,23.8,0.66,1002,74.91,6.23,6.92,7.2,170.33
2021-01-07,15.5,23.8,4.64,1016,99.63,6.4,6.92,7.2,150.0
2021-01-08,14.3,21.4,0.44,1010,74.69,6.53,6.92,7.2,145.83
2021-01-09,14.8,22.4,0.47,1010,74.47,5.56,6.92,7.2,151.38
2021-01-10,15.45,23.7,0.32,1007,73.51,5.98,6.92,7.2,152.08
2021-01-11,14.5,21.8,0.57,1009,75.39,4.8,6.92,7.2,159.08
2021-01-12,12.9,18.6,2.79,1016,76.8,45.37,6.92,7.2,168.88
2021-01-13,12.6,18.0,2.75,1006,76.58,3.18,6.92,7.2,173.0
2021-01-14,12.7,18.2,0.72,1019,76.81,3.51,6.92,7.2,167.17
2021-01-15,13.5,19.8,0.76,1001,76.82,3.4,6.92,7.2,170.79
2021-01-16,13.35,19.5,0.68,1011,76.05,4.57,6.92,7.2,164.42
2021-01-17,13.1,19.0,0.7,1018,75.94,4.72,6.92,7.2,157.88
2021-01-18,13.9,20.6,0.69,1005,75.72,5.42,6.92,7.2,159.04
2021-01-19,13.2,19.2,0.58,1008,75.72,5.57,6.92,7.2,149.82
2021-01-20,9.6,12.0,0.56,1012,76.04,4.97,6.92,7.2,152.21
2021-01-21,12.85,18.5,0.43,1001,75.66,4.47,6.92,7.2,157.96
2021-01-22,9.22,11.25,0.54,1003,76.32,4.35,6.92,7.2,166.25
2021-01-23,9.47,11.75,0.62,1003,76.21,4.36,6.92,7.2,168.46
2021-01-24,9.45,11.7,0.58,1002,76.21,4.74,6.92,7.2,157.29
2021-01-25,9.03,10.85,0.48,1008,75.93,4.83,6.92,7.2,156.25
2021-01-26,8.8,10.4,0.39,1002,75.49,5.6,6.92,7.2,151.62
2021-01-27,8.85,10.5,0.33,1010,75.28,5.4,6.92,7.2,148.79
2021-01-28,4.6,2.0,0.3,1002,75.11,5.1,6.92,7.2,158.12
2021-01-29,9.05,10.9,0.28,1001,74.79,5.74,6.92,7.2,152.12
2021-01-30,4.8,2.4,0.18,1001,74.68,6.25,6.92,7.2,142.71
2021-01-31,8.8,10.4,0.22,1016,74.89,6.06,6.92,7.2,144.42
2021-02-01,8.93,10.65,0.27,1009,67.46,5.38,6.2,7.2,153.38
2021-02-02,9.25,11.3,0.32,1012,67.22,5.45,6.2,7.2,157.79
2021-02-03,9.5,11.8,0.38,1008,67.07,5.71,6.2,7.2,155.12
2021-02-04,9.5,11.8,0.36,1011,66.78,6.27,5.2,7.2,150.96
2021-02-05,5.35,3.5,0.48,1003,67.9,5.47,5.2,7.2,161.58
2021-02-06,9.78,12.35,0.47,1001,68.98,6.2,6.2,7.2,123.54
2021-02-07,8.47,9.75,0.28,1012,67.55,6.85,4.2,7.2,96.17
2021-02-08,9.68,12.15,0.28,1010,66.3,6.23,5.2,7.2,152.67
2021-02-09,5.45,3.7,0.58,1003,67.81,6.06,6.2,7.2,154.92
2021-02-10,6.8,6.4,0.73,1004,68.0,3.91,5.2,7.2,163.21
2021-02-11,6.8,6.4,0.63,1015,70.8,3.17,6.2,7.2,160.17
2021-02-12,6.8,6.4,0.63,1018,70.8,3.17,4.2,7.2,167.83
2021-02-13,14.2,21.2,0.95,1015,69.14,4.93,6.2,7.2,166.46
2021-02-14,14.2,21.2,0.92,1002,68.35,4.21,5.2,7.2,166.46
2021-02-15,7.5,7.8,0.88,1019,68.35,3.73,6.2,7.2,168.67
2021-02-16,14.85,22.5,0.75,1014,67.81,5.04,5.2,7.2,145.46
2021-02-17,11.05,14.9,0.55,1002,67.03,6.06,4.2,7.2,142.04
2021-02-18,14.6,22.0,0.51,1011,67.08,6.05,4.2,7.2,126.83
2021-02-19,5.8,4.4,0.43,1005,65.74,5.98,5.2,7.2,102.83
2021-02-20,5.8,4.4,0.43,1001,65.74,5.98,6.2,7.2,105.67
2021-02-21,5.8,4.4,0.66,1010,69.18,5.89,4.2,7.2,145.12
2021-02-22,5.8,4.4,0.87,1006,67.43,4.53,5.2,7.2,156.08
2021-02-23,16.0,24.8,0.94,1004,67.43,4.99,6.2,7.2,163.17
2021-02-24,16.0,24.8,0.98,1005,67.57,4.35,4.2,7.2,164.25
2021-02-25,16.0,24.8,1.15,1011,68.4,3.15,4.2,7.2,173.5
2021-02-26,8.4,9.6,1.21,1012,68.55,3.43,5.2,7.2,174.75
2021-02-27,18.23,25.4,1.18,1011,67.77,3.93,8.05,11.05,172.54
2021-02-28,18.23,25.4,3.32,1020,78.75,5.32,8.05,11.05,161.67
2021-03-01,15.0,18.95,2.82,1016,57.17,6.08,9.33,11.05,151.62
2021-03-02,13.75,16.45,2.27,1017,64.26,7.16,9.33,11.05,127.83
2021-03-03,13.58,16.1,2.33,1007,64.49,6.3,9.33,11.05,146.79
2021-03-04,13.75,16.45,0.65,1015,57.14,5.87,9.33,11.05,159.29
2021-03-05,13.93,16.8,0.86,1001,58.3,5.25,9.33,11.05,163.12
2021-03-06,13.6,16.15,0.91,1014,58.43,62.11,9.33,11.05,133.17
2021-03-07,13.4,15.75,1.12,1011,59.28,4.21,9.33,11.05,163.38
2021-03-08,15.05,19.05,1.03,1013,58.1,5.26,9.33,11.05,154.46
2021-03-09,14.95,18.6,4.66,1007,74.59,7.02,9.33,11.3,134.42
2021-03-10,16.65,18.9,0.97,1003,57.81,6.29,9.33,14.4,136.33
2021-03-11,16.38,18.35,0.94,1011,57.35,62.42,9.33,14.4,114.0
2021-03-12,16.85,19.3,1.04,1006,57.32,25.01,9.33,14.4,156.12
2021-03-13,16.1,17.8,0.98,1012,58.47,6.08,9.33,14.4,135.58
2021-03-14,15.98,17.55,1.07,1002,58.1,5.89,9.33,14.4,146.83
2021-03-15,16.48,18.55,1.02,1015,57.89,5.42,9.33,14.4,156.0
2021-03-16,16.57,18.75,1.04,1008,57.64,5.11,9.33,14.4,160.46
2021-03-17,16.57,18.75,0.89,1004,57.07,5.05,9.33,14.4,162.18
2021-03-18,16.7,19.0,0.97,1017,57.23,4.2,9.33,14.4,150.08
2021-03-19,16.93,19.45,4.73,1011,74.42,4.56,9.33,14.4,175.62
2021-03-20,16.95,19.5,2.75,1014,64.89,5.31,9.33,14.4,172.46
2021-03-21,16.88,19.35,2.59,1014,63.98,5.63,9.33,14.4,161.83
2021-03-22,21.2,28.0,0.76,1004,56.05,3.93,9.33,14.4,180.08
2021-03-23,17.25,20.1,2.72,1016,64.11,3.88,9.33,14.4,196.33
2021-03-24,17.48,20.55,0.68,1007,55.53,43.58,9.33,14.4,178.46
2021-03-25,16.95,19.5,2.19,1006,62.32,5.38,9.33,14.4,166.58
2021-03-26,16.62,18.85,0.57,1020,55.89,2.99,9.33,14.4,233.83
2021-03-27,20.35,26.3,0.76,1006,56.7,1.99,9.33,14.4,339.0
2021-03-28,16.15,17.9,0.83,1002,57.11,21.26,9.33,14.4,319.54
2021-03-29,16.2,18.0,0.92,1010,57.15,1.91,9.33,14.4,296.96
2021-03-30,13.53,19.35,1.03,1020,57.07,3.07,7.7,7.7,228.17
2021-03-31,13.55,19.4,1.32,1005,58.86,3.14,7.7,7.7,197.12
2021-04-01,14.0,20.3,1.01,1004,50.16,5.59,7.7,7.7,135.75
2021-04-02,13.12,18.55,0.51,1011,48.24,6.43,7.7,7.7,137.5
2021-04-03,13.0,18.3,5.98,1005,70.67,5.92,7.7,7.7,163.38
2021-04-04,8.35,9.0,4.15,1004,62.54,3.34,7.7,7.7,201.33
2021-04-05,13.1,18.5,0.53,1002,48.38,2.52,7.7,7.7,262.88
2021-04-06,13.07,18.45,0.77,1014,49.19,2.16,7.7,7.7,275.29
2021-04-07,13.8,19.9,3.0,1006,56.78,2.73,7.7,7.7,262.04
2021-04-08,16.08,21.85,8.96,1003,85.38,5.14,9.98,10.3,179.67
2021-04-09,17.27,20.65,6.66,1003,73.9,6.46,9.98,13.9,124.71
2021-04-10,17.05,20.2,0.56,1009,47.83,7.76,9.98,13.9,111.25
2021-04-11,17.55,21.2,2.37,1007,53.99,5.97,9.98,13.9,157.75
2021-04-12,13.45,13.0,2.34,1003,54.22,3.68,9.98,13.9,186.75
2021-04-13,17.35,20.8,0.68,1018,48.22,4.82,9.98,13.9,182.92
2021-04-14,17.4,20.9,0.87,1007,48.39,4.43,9.98,13.9,181.21
2021-04-15,18.02,22.25,0.97,1017,48.71,5.17,9.98,13.8,175.96
2021-04-16,16.68,19.55,1.21,1016,51.28,5.83,9.98,13.8,129.62
2021-04-17,20.5,19.9,1.2,1001,50.52,6.13,9.98,21.1,134.33
2021-04-18,17.25,20.1,1.01,1018,49.8,7.51,9.98,14.4,85.71
2021-04-19,16.82,19.25,1.02,1019,49.55,8.08,9.98,14.4,95.38
2021-04-20,17.95,21.5,1.09,1014,49.1,6.9,9.98,14.4,140.88
2021-04-21,16.52,18.65,1.16,1012,50.52,5.44,9.98,14.4,154.54
2021-04-22,17.07,19.75,0.89,1006,49.69,8.27,9.98,14.4,78.75
2021-04-23,17.02,19.65,0.72,1019,48.15,48.68,9.98,14.4,57.88
2021-04-24,18.07,21.75,0.72,1019,47.57,8.35,9.98,14.4,108.79
2021-04-25,18.55,22.7,2.7,1016,54.53,8.0,9.98,14.4,114.67
2021-04-26,18.45,22.5,0.86,1011,47.85,6.75,9.98,14.4,144.92
2021-04-27,18.7,23.0,0.9,1018,47.95,6.05,9.98,14.4,157.92
2021-04-28,18.57,22.75,1.06,1002,48.44,5.75,9.98,14.4,163.38
2021-04-29,18.57,22.75,1.3,1018,50.95,6.01,9.98,14.4,144.92
2021-04-30,17.38,20.35,1.27,1006,50.48,6.28,9.98,14.4,97.29
2021-05-01,17.85,21.3,1.44,1010,54.92,25.2,9.33,14.4,97.79
2021-05-02,17.8,21.2,1.54,1012,56.19,5.54,9.33,14.4,110.08
2021-05-03,17.77,21.15,1.59,1001,55.32,5.35,9.33,14.4,126.17
2021-05-04,17.65,20.9,1.59,1002,55.99,6.06,9.33,14.4,107.83
2021-05-05,17.18,19.95,1.53,1002,55.39,6.84,9.33,14.4,72.88
2021-05-06,17.55,20.7,1.54,1010,55.2,6.36,9.33,14.4,94.0
2021-05-07,17.82,21.25,1.51,1011,55.04,6.76,9.33,14.4,97.0
2021-05-08,14.45,14.5,1.29,1015,53.95,7.06,9.33,14.4,78.08
2021-05-09,17.82,21.25,1.27,1007,53.87,8.44,9.33,14.4,69.5
2021-05-10,17.55,20.7,1.53,1013,55.47,26.1,9.33,14.4,95.38
2021-05-11,17.02,19.65,1.59,1015,55.79,6.37,9.33,14.4,83.58
2021-05-12,16.75,19.1,1.56,1019,56.03,6.76,9.33,14.4,70.88
2021-05-13,16.5,18.6,1.5,1019,55.91,25.85,9.33,14.4,58.92
2021-05-14,17.65,20.9,1.4,1013,54.26,8.33,9.33,14.4,58.75
2021-05-15,18.3,22.2,1.45,1020,53.95,8.46,9.33,14.4,66.54
2021-05-16,18.75,23.1,1.28,1008,52.58,8.36,9.33,14.4,73.83
2021-05-17,18.52,22.65,1.54,1013,53.61,8.0,9.33,14.4,94.96
2021-05-18,19.27,24.15,1.69,1012,47.49,6.72,9.33,14.4,111.67
2021-05-19,16.45,18.5,1.83,1016,55.99,5.19,9.33,14.4,107.62
2021-05-20,17.43,20.45,1.87,1003,56.55,6.29,9.33,14.4,71.54
2021-05-21,19.27,24.15,3.73,1017,55.19,7.56,9.33,14.4,45.96
2021-05-22,20.02,25.65,1.85,1004,54.54,8.51,9.33,14.4,56.29
2021-05-23,20.15,25.9,1.9,1010,54.42,8.68,9.33,14.4,53.75
2021-05-24,18.7,26.1,1.79,1014,54.27,7.27,9.33,11.3,64.96
2021-05-25,17.68,24.05,1.88,1007,55.68,7.04,9.33,11.3,63.58
2021-05-26,15.88,20.45,3.87,1020,64.97,25.65,9.33,11.3,15.21
2021-05-27,16.05,20.8,1.98,1007,56.84,6.52,9.33,11.3,11.0
2021-05-28,15.25,19.2,1.82,1004,56.72,6.25,9.33,11.3,12.88
2021-05-29,17.1,22.9,1.89,1019,55.79,7.43,9.33,11.3,28.08
2021-05-30,17.2,23.1,1.92,1003,55.56,7.08,9.33,11.3,75.12
2021-05-31,17.77,24.25,1.94,1007,55.28,6.82,9.33,11.3,68.12
2021-06-01,17.8,24.3,1.88,1012,70.8,7.27,8.69,11.3,64.17
2021-06-02,20.95,30.6,1.83,1018,70.05,8.48,8.69,11.3,63.46
2021-06-03,17.77,24.25,1.85,1012,69.85,8.08,8.69,11.3,55.88
2021-06-04,17.88,24.45,1.91,1010,70.35,8.08,8.69,11.3,68.33
2021-06-05,18.3,25.3,1.81,1013,69.55,7.58,8.69,11.3,78.67
2021-06-06,17.98,24.65,1.87,1010,69.6,7.4,8.69,11.3,81.08
2021-06-07,18.9,26.5,1.86,1009,69.11,8.1,8.69,11.3,73.79
2021-06-08,18.58,25.85,1.96,1012,70.5,7.04,8.69,11.3,78.62
2021-06-09,18.38,25.45,2.03,1007,71.1,7.02,8.69,11.3,80.54
2021-06-10,17.85,24.4,2.05,1001,71.76,6.53,8.69,11.3,66.46
2021-06-11,17.52,23.75,4.0,1012,82.55,6.74,8.69,11.3,58.38
2021-06-12,16.73,22.15,2.01,1005,72.07,7.47,8.69,11.3,21.54
2021-06-13,18.05,24.8,2.1,1015,72.33,7.57,8.69,11.3,38.08
2021-06-14,17.62,23.95,2.16,1008,72.43,6.76,8.69,11.3,31.79
2021-06-15,16.95,22.6,2.12,1012,72.64,6.76,8.69,11.3,15.12
2021-06-16,17.08,22.85,2.09,1009,72.59,6.84,8.69,11.3,17.88
2021-06-17,17.23,23.15,2.1,1018,72.02,7.41,8.69,11.3,22.0
2021-06-18,17.75,24.2,2.09,1004,71.51,7.9,8.69,11.3,26.21
2021-06-19,17.75,24.2,2.03,1004,71.56,8.35,8.69,11.3,13.08
2021-06-20,17.12,22.95,2.02,1011,71.87,7.76,8.69,11.3,21.5
2021-06-21,17.9,24.5,2.04,1012,71.1,8.82,8.69,11.3,32.38
2021-06-22,18.52,25.75,2.09,1007,70.75,8.53,8.69,11.3,41.12
2021-06-23,18.33,25.35,2.16,1013,71.97,26.96,8.69,11.3,37.59
2021-06-24,17.95,24.6,2.09,1003,71.05,7.59,8.69,11.3,41.25
2021-06-25,17.55,23.8,2.12,1016,72.28,6.64,8.69,11.3,41.75
2021-06-26,16.77,22.25,2.03,1003,72.33,6.97,8.69,11.3,37.04
2021-06-27,18.0,24.7,2.12,1001,71.46,7.35,8.69,11.3,44.42
2021-06-28,17.85,24.4,2.14,1010,71.41,7.26,8.69,11.3,53.17
2021-06-29,15.85,20.4,2.16,1010,71.56,7.04,8.69,11.3,50.46
2021-06-30,18.15,25.0,2.18,1017,72.43,5.26,8.69,11.3,72.25
2021-07-01,16.58,21.85,2.05,1018,80.54,5.03,8.05,11.3,83.42
2021-07-02,16.35,21.4,2.07,1019,80.71,5.44,8.05,11.3,61.17
2021-07-03,17.48,23.65,2.06,1010,79.68,6.56,8.05,11.3,46.71
2021-07-04,18.02,24.75,2.1,1015,79.23,6.98,8.05,11.3,53.62
2021-07-05,18.62,25.95,2.19,1007,79.91,66.3,8.05,11.3,57.0
2021-07-06,18.0,24.7,2.18,1009,79.4,7.22,8.05,11.3,47.79
2021-07-07,15.85,20.4,2.17,1006,79.4,6.92,8.05,11.3,64.79
2021-07-08,17.38,23.45,2.16,1020,80.6,6.75,8.05,11.3,42.62
2021-07-09,18.0,24.7,2.15,1009,79.86,7.1,8.05,11.3,31.71
2021-07-10,18.12,24.95,2.15,1003,80.14,5.89,8.05,11.3,35.75
2021-07-11,15.85,20.4,2.13,1019,80.37,6.86,8.05,11.3,33.88
2021-07-12,17.83,24.35,2.16,1002,80.08,7.59,8.05,11.3,39.64
2021-07-13,18.25,25.2,2.12,1001,79.63,7.08,8.05,11.3,40.38
2021-07-14,17.85,24.4,2.16,1011,79.8,6.96,8.05,11.3,28.29
2021-07-15,17.58,23.85,2.1,1006,79.97,6.62,8.05,11.3,28.33
2021-07-16,17.05,22.8,2.11,1010,80.43,6.74,8.05,11.3,44.04
2021-07-17,17.73,24.15,2.14,1012,80.31,5.97,8.05,11.3,57.46
2021-07-18,18.05,24.8,2.15,1012,79.57,7.0,8.05,11.3,41.04
2021-07-19,18.08,24.85,2.18,1003,79.91,6.98,8.05,11.3,50.83
2021-07-20,15.95,20.6,2.18,1004,80.54,6.39,8.05,11.3,50.42
2021-07-21,17.6,23.9,2.18,1019,80.37,6.7,8.05,11.3,39.92
2021-07-22,18.25,25.2,2.2,1014,79.63,7.45,8.05,11.3,35.17
2021-07-23,18.77,26.25,4.13,1017,79.71,7.51,8.05,11.3,34.5
2021-07-24,18.55,25.8,2.25,1008,79.18,26.96,8.05,11.3,12.71
2021-07-25,18.95,26.6,2.18,1015,79.86,6.54,8.05,11.3,12.71
2021-07-26,17.0,22.7,2.18,1015,80.31,45.65,8.05,11.3,25.46
2021-07-27,17.83,24.35,2.17,1009,79.91,7.08,8.05,11.3,27.96
2021-07-28,17.98,24.65,2.14,1017,79.57,7.52,8.05,11.3,19.92
2021-07-29,18.0,24.7,2.12,1019,79.12,7.82,8.05,11.3,39.29
2021-07-30,18.15,25.0,2.18,1006,79.74,7.5,8.05,11.3,34.21
2021-07-31,18.48,25.65,2.15,1014,79.01,8.35,8.05,11.3,24.88
2021-08-01,18.3,25.3,2.17,1016,81.48,8.34,7.24,11.3,20.21
2021-08-02,16.15,21.0,2.17,1015,81.65,7.7,7.24,11.3,26.5
2021-08-03,16.15,21.0,4.5,1002,81.74,6.83,7.24,11.3,36.0
2021-08-04,18.55,25.8,2.14,1011,82.41,6.79,7.24,11.3,44.12
2021-08-05,17.85,24.4,2.02,1012,80.84,8.1,7.24,11.3,52.79
2021-08-06,18.7,26.1,2.16,1003,81.08,28.54,7.24,11.3,39.5
2021-08-07,18.15,25.0,2.16,1005,81.48,7.64,7.24,11.3,36.04
2021-08-08,18.23,25.15,2.18,1008,82.0,6.61,7.24,11.3,35.04
2021-08-09,18.02,24.75,2.17,1009,81.6,7.42,7.24,11.3,20.21
2021-08-10,18.0,24.7,2.18,1019,81.42,7.73,7.24,11.3,21.96
2021-08-11,20.4,29.5,2.2,1007,81.48,7.49,7.24,11.3,30.83
2021-08-12,18.58,25.85,2.23,1018,82.24,6.39,7.24,11.3,27.54
2021-08-13,18.1,24.9,2.19,1001,81.89,6.67,7.24,11.3,42.67
2021-08-14,18.12,24.95,2.19,1010,81.89,7.12,7.24,11.3,23.42
2021-08-15,17.6,23.9,2.16,1005,81.83,7.19,7.24,11.3,15.75
2021-08-16,18.2,25.1,2.12,1005,81.07,7.98,7.24,11.3,44.79
2021-08-17,18.3,25.3,2.16,1008,81.83,6.31,7.24,11.3,42.46
2021-08-18,17.98,24.65,2.14,1006,82.0,6.38,7.24,11.3,45.96
2021-08-19,17.9,24.5,2.12,1014,81.65,7.72,7.24,11.3,20.88
2021-08-20,17.83,24.35,2.11,1004,81.77,7.63,7.24,11.3,24.67
2021-08-21,18.12,24.95,2.11,1007,81.71,7.31,7.24,11.3,21.42
2021-08-22,17.45,23.6,2.11,1001,81.71,6.45,7.24,11.3,38.62
2021-08-23,17.08,22.85,2.14,1010,82.65,6.01,7.24,11.3,49.92
2021-08-24,17.6,23.9,2.13,1003,82.06,6.59,7.24,11.3,26.21
2021-08-25,17.65,24.0,2.17,1018,82.06,6.9,7.24,11.3,26.29
2021-08-26,17.62,23.95,2.13,1012,82.18,6.56,7.24,11.3,36.33
2021-08-27,16.43,21.55,3.95,1010,94.33,6.25,7.24,11.3,48.21
2021-08-28,17.27,23.25,2.06,1002,82.47,26.0,7.24,11.3,27.92
2021-08-29,15.72,20.15,2.01,1012,82.82,6.59,7.24,11.3,31.0
2021-08-30,19.65,28.0,2.06,1019,82.12,6.8,7.24,11.3,36.54
2021-08-31,17.93,24.55,2.09,1005,81.59,7.53,7.24,11.3,42.04
2021-09-01,15.6,19.9,4.24,1011,93.3,7.17,6.6,11.3,61.25
2021-09-02,17.8,24.3,2.09,1016,80.55,7.16,6.6,11.3,44.17
2021-09-03,17.6,23.9,2.05,1019,80.96,7.26,6.6,11.3,52.42
2021-09-04,17.9,24.5,2.06,1006,79.81,7.9,6.6,11.3,44.62
2021-09-05,18.4,25.5,2.12,1018,79.87,7.0,6.6,11.3,63.83
2021-09-06,17.73,24.15,2.08,1019,80.96,6.47,6.6,11.3,59.0
2021-09-07,18.1,24.9,2.11,1006,80.96,7.21,6.6,11.3,40.79
2021-09-08,17.98,24.65,2.05,1006,80.73,7.22,6.6,11.3,61.96
2021-09-09,15.4,19.5,2.07,1005,81.42,6.94,6.6,11.3,58.71
2021-09-10,17.8,24.3,3.99,1012,92.33,7.55,6.6,11.3,47.04
2021-09-11,18.05,24.8,2.07,1007,79.81,7.9,6.6,11.3,31.0
2021-09-12,18.65,26.0,2.07,1019,79.87,7.86,6.6,11.3,20.7
2021-09-13,18.08,24.85,2.07,1019,80.5,7.69,6.6,11.3,26.46
2021-09-14,17.58,23.85,2.05,1007,80.15,7.63,6.6,11.3,26.0
2021-09-15,16.75,22.2,2.02,1002,80.9,7.22,6.6,11.3,25.75
2021-09-16,19.15,27.0,2.06,1020,80.96,6.85,6.6,11.3,54.0
2021-09-17,16.35,21.4,2.0,1017,81.42,6.96,6.6,11.3,53.75
2021-09-18,17.5,23.7,2.02,1009,80.27,7.06,6.6,11.3,50.71
2021-09-19,18.27,25.25,2.08,1019,79.98,8.16,6.6,11.3,46.0
2021-09-20,18.05,24.8,2.08,1018,81.07,6.67,6.6,11.3,51.21
2021-09-21,17.75,24.2,2.0,1008,80.21,8.18,6.6,11.3,49.46
2021-09-22,16.7,22.1,1.98,1016,80.78,7.31,6.6,11.3,46.21
2021-09-23,17.55,23.8,2.0,1010,80.38,7.82,6.6,11.3,29.9
2021-09-24,17.93,24.55,2.01,1002,80.04,7.1,6.6,11.3,33.25
2021-09-25,17.88,24.45,1.99,1019,80.21,7.3,6.6,11.3,43.67
2021-09-26,17.73,24.15,1.97,1003,80.5,7.0,6.6,11.3,53.17
2021-09-27,14.9,18.5,1.98,1007,80.61,7.11,6.6,11.3,56.79
2021-09-28,16.8,22.3,1.97,1019,80.95,7.61,6.6,11.3,36.86
2021-09-29,17.1,22.9,1.94,1004,80.32,7.18,6.6,11.3,44.04
2021-09-30,17.75,24.2,1.99,1010,80.27,7.21,6.6,11.3,43.42
2021-10-01,17.58,23.85,1.96,1020,77.33,7.2,6.28,11.3,47.92
2021-10-02,15.15,19.0,1.89,1007,77.33,7.94,6.28,11.3,37.54
2021-10-03,20.15,29.0,1.93,1008,77.44,7.8,6.28,11.3,34.46
2021-10-04,17.55,23.8,1.95,1005,77.27,6.85,6.28,11.3,61.42
2021-10-05,17.33,23.35,1.95,1010,77.27,6.84,6.28,11.3,47.54
2021-10-06,19.85,28.4,1.97,1013,77.33,7.27,6.28,11.3,55.42
2021-10-07,17.38,23.45,1.94,1012,77.22,7.44,6.28,11.3,50.12
2021-10-08,17.45,23.6,1.93,1018,76.95,7.33,6.28,11.3,63.62
2021-10-09,17.55,23.8,1.94,1007,76.84,6.14,6.28,11.3,77.12
2021-10-10,17.65,24.0,1.95,1010,76.95,6.39,6.28,11.3,77.38
2021-10-11,17.7,24.1,1.93,1016,76.62,6.72,6.28,11.3,79.42
2021-10-12,18.1,24.9,1.88,1003,76.29,7.42,6.28,11.3,79.92
2021-10-13,17.9,24.5,1.78,1009,75.75,7.65,6.28,11.3,69.83
2021-10-14,17.73,24.15,1.76,1011,75.59,7.33,6.28,11.3,63.17
2021-10-15,13.9,16.5,1.86,1001,76.07,8.1,6.28,11.3,55.54
2021-10-16,17.9,24.5,1.93,1015,76.45,7.94,6.28,11.3,44.71
2021-10-17,17.02,22.75,1.91,1005,77.33,8.37,6.28,11.3,25.25
2021-10-18,16.6,21.9,1.99,1013,78.38,7.47,6.28,11.3,33.04
2021-10-19,13.97,20.25,1.87,1015,78.38,6.9,6.28,7.7,12.5
2021-10-20,14.82,21.95,1.87,1018,77.94,7.2,6.28,7.7,14.54
2021-10-21,15.1,22.5,1.65,1017,76.83,8.63,6.28,7.7,19.5
2021-10-22,13.85,20.0,1.66,1006,77.22,7.06,6.28,7.7,49.96
2021-10-23,15.12,22.55,1.69,1005,77.22,6.16,6.28,7.7,92.46
2021-10-24,14.6,21.5,1.54,1015,76.83,5.79,6.28,7.7,129.0
2021-10-25,12.57,17.45,1.53,1003,77.1,5.88,6.28,7.7,96.42
2021-10-26,13.82,19.95,1.36,1008,76.28,6.51,6.28,7.7,86.38
2021-10-27,13.38,19.05,3.32,1018,76.21,6.96,6.28,7.7,81.04
2021-10-28,13.35,19.0,1.45,1018,76.55,6.37,6.28,7.7,87.12
2021-10-29,13.12,18.55,1.16,1018,75.62,6.54,6.28,7.7,79.46
2021-10-30,12.67,17.65,1.16,1003,75.73,6.7,6.28,7.7,85.21
2021-10-31,12.6,17.5,1.23,1014,76.0,7.06,6.28,7.7,87.71
2021-11-01,13.42,19.15,1.25,1003,71.63,6.37,6.28,7.7,97.46
2021-11-02,12.62,17.55,1.21,1006,82.07,6.29,6.28,7.7,108.71
2021-11-03,12.75,17.8,3.11,1006,94.16,6.65,6.28,7.7,105.21
2021-11-04,12.38,17.05,1.11,1014,82.01,6.41,6.28,7.7,96.08
2021-11-05,11.95,16.2,1.11,1006,82.36,6.67,6.28,7.7,97.5
2021-11-06,11.92,16.15,1.11,1009,82.18,7.31,6.28,7.7,89.79
2021-11-07,15.75,23.8,1.05,1002,81.71,7.08,6.28,7.7,79.08
2021-11-08,12.15,16.6,1.09,1012,81.83,7.4,6.28,7.7,74.58
2021-11-09,12.1,16.5,1.02,1008,81.36,7.51,6.28,7.7,76.62
2021-11-10,12.1,16.5,0.95,1010,81.19,7.6,6.28,7.7,71.92
2021-11-11,12.03,16.35,0.99,1006,81.6,7.16,6.28,7.7,76.75
2021-11-12,15.35,23.0,1.07,1011,82.18,6.96,6.28,7.7,85.0
2021-11-13,11.35,15.0,0.97,1006,81.89,6.5,6.28,7.7,93.0
2021-11-14,11.4,15.1,0.94,1014,81.77,7.2,6.28,7.7,84.92
2021-11-15,11.35,15.5,1.02,1012,82.18,6.75,6.28,7.2,87.75
2021-11-16,11.35,15.5,0.99,1018,82.18,6.98,6.28,7.2,90.12
2021-11-17,10.95,14.7,2.81,1011,93.44,6.88,6.28,7.2,92.96
2021-11-18,11.47,15.75,1.01,1009,81.89,5.17,6.28,7.2,133.25
2021-11-19,11.25,15.3,1.0,1017,82.48,5.27,6.28,7.2,131.5
2021-11-20,11.25,15.3,1.01,1018,82.12,6.06,6.28,7.2,131.08
2021-11-21,12.0,16.8,1.12,1001,81.95,7.02,6.28,7.2,96.54
2021-11-22,12.38,17.55,0.99,1019,81.6,6.3,6.28,7.2,94.33
2021-11-23,11.0,14.8,1.08,1010,82.66,4.3,6.28,7.2,142.42
2021-11-24,11.5,15.8,1.02,1017,82.36,4.15,6.28,7.2,159.75
2021-11-25,10.65,14.1,1.05,1003,83.01,3.6,6.28,7.2,160.75
2021-11-26,10.7,14.2,1.01,1005,83.13,4.25,6.28,7.2,156.62
2021-11-27,10.7,14.2,0.93,1014,82.59,4.1,6.28,7.2,153.38
2021-11-28,14.3,21.4,0.93,1019,81.94,4.94,6.28,7.2,145.58
2021-11-29,10.62,14.05,0.82,1009,81.94,5.52,6.28,7.2,135.67
2021-11-30,10.43,13.65,0.89,1012,82.3,6.26,6.28,7.2,133.17
2021-12-01,10.78,14.35,0.76,1015,76.24,6.45,6.12,7.2,130.58
2021-12-02,10.88,14.55,0.83,1006,76.08,6.62,6.12,7.2,125.83
2021-12-03,11.47,15.75,1.06,1014,77.51,5.87,6.12,7.2,117.29
2021-12-04,11.4,15.6,1.18,1011,78.35,5.35,6.12,7.2,118.25
2021-12-05,11.97,16.75,1.18,1007,77.57,6.96,6.12,7.2,88.29
2021-12-06,11.4,15.6,1.1,1018,78.97,5.42,6.12,7.2,106.42
2021-12-07,11.4,15.6,0.86,1007,76.79,7.75,6.12,7.2,103.71
2021-12-08,10.68,14.15,0.74,1007,76.84,7.04,6.12,7.2,123.83
2021-12-09,10.4,13.6,0.76,1006,76.73,6.34,6.12,7.2,125.96
2021-12-10,10.38,13.55,0.74,1008,77.23,27.31,6.12,7.2,121.67
2021-12-11,6.3,5.4,0.63,1008,76.73,5.91,6.12,7.2,132.71
2021-12-12,9.68,12.15,0.53,1007,76.67,6.19,6.12,7.2,134.88
2021-12-13,9.62,12.05,0.44,1018,76.07,6.57,6.12,7.2,140.5
2021-12-14,9.65,12.1,2.42,1019,87.78,6.62,6.12,7.2,142.92
2021-12-15,9.05,10.9,0.51,1020,77.0,5.98,6.12,7.2,141.17
2021-12-16,8.9,10.6,0.3,1015,75.84,6.06,6.12,7.2,140.83
2021-12-17,9.2,11.2,0.27,1002,75.68,6.08,6.12,7.2,150.5
2021-12-18,8.78,10.35,0.37,1012,76.5,5.77,6.12,7.2,159.96
2021-12-19,8.7,10.2,0.45,1018,77.0,5.79,6.12,7.2,138.46
2021-12-20,8.75,10.3,0.4,1008,76.95,5.73,6.12,7.2,145.29
2021-12-21,8.78,10.35,0.36,1018,76.28,26.2,6.12,7.2,144.46
2021-12-22,8.68,10.15,0.37,1011,76.45,6.28,6.12,7.2,147.5
2021-12-23,8.8,10.4,2.39,1020,88.36,6.39,6.12,7.2,145.5
2021-12-24,8.95,10.7,0.57,1012,77.39,5.39,6.12,7.2,150.0
2021-12-25,12.3,17.4,0.59,1014,77.73,5.18,6.12,7.2,157.54
2021-12-26,8.75,10.3,0.55,1012,77.34,4.77,6.12,7.2,154.88
2021-12-27,9.2,11.2,0.56,1014,77.45,4.45,6.12,7.2,156.5
2021-12-28,5.4,3.6,0.62,1002,77.73,3.21,6.12,7.2,169.25
2021-12-29,7.55,7.9,0.71,1003,79.94,4.28,6.12,7.2,123.75
2021-12-30,8.47,9.75,0.68,1013,79.03,4.2,6.12,7.2,133.92
2021-12-31,8.43,9.65,0.56,1016,78.35,4.16,6.12,7.2,170.54
2022-01-01,8.72,10.25,0.58,1001,76.76,5.32,6.92,7.2,152.62
2022-01-02,9.0,10.8,0.6,1005,76.37,25.13,6.92,7.2,150.0
2022-01-03,9.32,11.45,2.53,1002,87.81,5.37,6.92,7.2,155.71
2022-01-04,9.22,11.25,0.6,1013,76.21,5.35,6.92,7.2,154.58
2022-01-05,12.6,18.0,0.79,1004,76.98,4.78,6.92,7.2,157.58
2022-01-06,9.95,12.7,0.83,1009,76.38,5.95,6.92,7.2,134.5
2022-01-07,10.35,13.5,0.9,1011,76.82,5.14,6.92,7.2,123.75
2022-01-08,10.05,12.9,0.86,1001,76.6,5.38,6.92,7.2,139.17
2022-01-09,10.35,13.5,0.84,1006,76.54,5.78,6.92,7.2,137.96
2022-01-10,11.05,14.9,0.85,1007,76.32,6.09,6.92,7.2,130.17
2022-01-11,9.97,12.75,0.8,1006,76.49,5.72,6.92,7.2,137.92
2022-01-12,9.72,12.25,0.66,1004,76.65,5.38,6.92,7.2,142.33
2022-01-13,9.05,10.9,0.62,1014,76.76,6.79,6.92,7.2,101.12
2022-01-14,11.6,16.0,0.67,1010,77.15,5.18,6.92,7.2,146.46
2022-01-15,9.4,11.6,0.64,1012,77.03,5.39,6.92,7.2,149.08
2022-01-16,9.25,11.3,0.61,1011,76.7,5.03,6.92,7.2,142.75
2022-01-17,9.3,11.4,0.64,1001,76.48,5.09,6.92,7.2,153.46
2022-01-18,9.5,11.8,0.51,1011,75.55,6.17,6.92,7.2,147.42
2022-01-19,9.5,11.8,0.5,1019,75.44,6.55,6.92,7.2,126.33
2022-01-20,8.85,10.5,0.68,1020,77.53,23.48,6.92,7.2,142.33
2022-01-21,9.47,11.75,0.64,1004,77.42,5.98,6.92,7.2,131.92
2022-01-22,7.97,8.75,0.67,1015,77.37,4.6,6.92,7.2,154.62
2022-01-23,8.2,9.2,0.64,1010,77.2,4.29,6.92,7.2,156.0
2022-01-24,8.97,10.75,0.65,1015,77.15,4.53,6.92,7.2,158.58
2022-01-25,8.85,10.5,2.5,1005,76.68,24.7,6.92,7.2,133.5
2022-01-26,8.47,9.75,0.43,1019,76.53,5.25,6.92,7.2,146.08
2022-01-27,8.15,9.1,0.41,1009,76.31,4.89,6.92,7.2,147.92
2022-01-28,5.6,4.0,0.35,1017,76.15,5.44,6.92,7.2,140.08
2022-01-29,5.6,4.0,0.35,1015,76.04,5.03,6.92,7.2,151.71
2022-01-30,11.45,15.7,0.53,1002,76.65,5.31,6.92,7.2,151.25
2022-01-31,8.88,10.55,0.4,1005,75.77,5.25,6.92,7.2,156.29
2022-02-01,8.88,10.55,0.44,1012,68.88,4.71,7.2,7.2,157.83
2022-02-02,8.15,9.1,0.54,1004,69.28,3.47,7.2,7.2,163.71
2022-02-03,8.72,10.25,0.61,1010,68.79,3.86,7.2,7.2,180.17
2022-02-04,9.35,7.4,2.44,1007,80.94,6.03,8.05,11.3,78.42
2022-02-05,10.1,8.9,0.51,1013,69.78,6.4,8.05,11.3,92.96
2022-02-06,10.6,9.9,0.54,1018,69.08,27.11,8.05,11.3,114.83
2022-02-07,11.12,10.95,0.67,1008,69.18,6.21,8.05,11.3,114.46
2022-02-08,11.73,12.15,0.62,1018,68.74,6.45,8.05,11.3,118.88
2022-02-09,11.5,11.7,0.51,1002,67.61,6.19,8.05,11.3,122.25
2022-02-10,11.95,12.6,0.52,1015,67.95,7.22,8.05,11.3,103.33
2022-02-11,11.38,11.45,0.5,1006,68.29,6.58,8.05,11.3,106.0
2022-02-12,11.68,12.05,0.55,1010,68.15,6.62,8.05,11.3,98.83
2022-02-13,11.78,12.25,0.66,1013,68.54,5.88,8.05,11.3,141.2
2022-02-14,11.8,12.3,0.73,1005,68.39,4.97,8.05,11.3,144.0
2022-02-15,15.4,19.5,0.71,1020,68.1,6.07,8.05,11.3,140.04
2022-02-16,12.2,13.1,0.62,1019,68.15,5.78,8.05,11.3,132.58
2022-02-17,12.2,13.1,0.53,1016,67.56,25.97,8.05,11.3,134.71
2022-02-18,12.07,12.85,0.71,1010,68.3,5.37,8.05,11.3,143.67
2022-02-19,12.7,14.1,0.59,1017,67.71,5.75,8.05,11.3,138.25
2022-02-20,10.88,12.45,0.41,1010,67.7,6.38,8.05,9.3,121.29
2022-02-21,13.35,17.4,0.46,1005,67.95,6.47,8.05,9.3,93.83
2022-02-22,9.57,11.95,0.65,1020,68.49,5.46,7.2,7.2,144.75
2022-02-23,10.3,13.4,0.71,1003,67.76,5.38,7.2,7.2,151.42
2022-02-24,11.15,15.1,2.7,1015,77.78,6.05,7.2,7.2,147.75
2022-02-25,9.22,11.25,0.62,1017,67.42,5.92,7.2,7.2,134.54
2022-02-26,10.55,13.9,0.59,1005,67.13,7.04,7.2,7.2,91.38
2022-02-27,11.1,15.0,0.53,1014,66.6,7.04,7.2,7.2,105.58
2022-02-28,11.0,14.8,0.68,1004,67.28,6.63,7.2,7.2,126.83
2022-03-01,11.43,15.65,0.88,1008,58.3,6.12,7.2,7.2,140.83
2022-03-02,11.72,16.25,0.79,1006,57.93,6.61,7.2,7.2,147.67
2022-03-03,11.78,16.35,0.89,1019,58.18,6.77,7.2,7.2,130.75
2022-03-04,12.28,17.35,0.6,1017,56.81,7.25,7.2,7.2,123.29
2022-03-05,11.8,16.4,0.77,1003,57.39,6.88,7.2,7.2,127.04
2022-03-06,12.47,17.75,1.02,1019,58.06,5.89,7.2,7.2,135.71
2022-03-07,13.28,19.35,2.85,1011,65.49,25.41,7.2,7.2,142.17
2022-03-08,13.57,19.95,4.54,1019,73.55,7.11,7.2,7.2,127.71
2022-03-09,13.47,19.75,0.84,1001,56.58,7.31,7.2,7.2,123.71
2022-03-10,13.28,19.35,1.1,1020,57.77,6.55,7.2,7.2,125.33
2022-03-11,13.32,19.45,0.98,1001,57.4,6.59,7.2,7.2,132.5
2022-03-12,13.38,19.55,1.03,1014,57.4,6.91,7.2,7.2,129.21
2022-03-13,13.9,20.6,2.92,1010,65.21,7.01,7.2,7.2,129.83
2022-03-14,14.3,21.4,1.13,1011,56.99,7.29,7.2,7.2,128.79
2022-03-15,14.5,22.3,1.28,1018,57.45,6.28,6.7,6.7,136.04
2022-03-16,14.12,21.55,1.41,1016,58.23,5.62,6.7,6.7,141.29
2022-03-17,14.12,21.55,1.33,1006,57.61,6.13,6.7,6.7,141.17
2022-03-18,14.78,22.85,1.31,1011,57.73,5.97,6.7,6.7,150.08
2022-03-19,15.05,23.4,1.15,1007,56.59,6.77,6.7,6.7,145.08
2022-03-20,18.7,30.7,3.15,1004,65.2,6.44,6.7,6.7,149.21
2022-03-21,14.32,21.95,1.24,1007,57.2,5.37,6.7,6.7,154.71
2022-03-22,14.67,22.65,1.28,1020,57.65,5.72,6.7,6.7,151.46
2022-03-23,14.67,22.65,1.19,1007,57.2,5.74,6.7,6.7,157.71
2022-03-24,17.5,21.6,1.21,1013,57.85,5.98,9.33,13.4,141.12
2022-03-25,20.85,28.5,2.68,1015,63.7,7.46,9.33,13.2,125.62
2022-03-26,17.42,21.65,2.51,1020,63.03,6.68,9.33,13.2,127.29
2022-03-27,16.98,20.75,1.0,1010,56.38,25.41,9.33,13.2,128.46
2022-03-28,17.52,21.85,1.32,1019,57.73,4.87,9.33,13.2,175.27
2022-03-29,17.32,21.45,1.53,1011,58.73,4.34,9.33,13.2,173.71
2022-03-30,17.35,21.5,1.72,1009,59.54,3.37,9.33,13.2,167.33
2022-03-31,17.77,22.35,1.65,1010,59.07,4.78,9.33,13.2,162.0
2022-04-01,17.4,21.6,1.73,1017,51.51,4.19,9.98,13.2,160.75
2022-04-02,18.17,23.15,1.79,1015,51.4,4.21,9.98,13.2,162.38
2022-04-03,18.73,24.25,1.54,1001,50.31,5.59,9.98,13.2,135.29
2022-04-04,15.2,17.2,1.47,1002,43.68,5.89,9.98,13.2,152.79
2022-04-05,18.48,23.75,1.36,1005,49.56,6.09,9.98,13.2,148.25
2022-04-06,18.32,23.45,1.32,1005,49.42,5.87,9.98,13.2,151.62
2022-04-07,18.3,23.4,1.46,1010,50.17,6.16,9.98,13.2,156.92
2022-04-08,17.9,22.6,1.41,1013,49.84,6.05,9.98,13.2,157.5
2022-04-09,17.92,22.65,1.57,1019,51.14,4.46,9.98,13.2,158.92
2022-04-10,17.57,21.95,1.64,1011,51.29,4.73,9.98,13.2,152.08
2022-04-11,17.92,22.65,1.69,1012,50.89,6.3,9.98,13.2,135.29
2022-04-12,18.4,23.6,1.81,1010,51.29,6.24,9.98,13.2,137.5
2022-04-13,18.9,24.6,3.66,1006,51.1,5.68,9.98,13.2,144.0
2022-04-14,18.07,24.05,2.73,1002,54.57,7.6,9.98,12.1,110.83
2022-04-15,17.68,23.25,0.63,1011,46.89,7.77,9.98,12.1,102.12
2022-04-16,17.68,23.25,6.08,1017,69.21,7.65,9.98,12.1,126.54
2022-04-17,17.38,22.65,6.08,1009,69.26,7.56,9.98,12.1,136.5
2022-04-18,17.68,23.25,1.17,1010,48.75,5.58,9.98,12.1,167.29
2022-04-19,17.8,23.5,1.53,1008,50.56,4.62,9.98,12.1,180.21
2022-04-20,16.57,21.05,1.61,1010,51.54,4.95,9.98,12.1,134.38
2022-04-21,18.05,24.0,3.52,1001,57.9,6.87,9.98,12.1,112.41
2022-04-22,17.93,23.75,1.42,1018,50.42,6.36,9.98,12.1,104.33
2022-04-23,17.3,22.5,1.12,1013,48.82,7.48,9.98,12.1,110.62
2022-04-24,18.0,23.9,0.89,1007,47.71,6.12,9.98,12.1,148.83
2022-04-25,18.0,23.9,1.03,1017,48.19,5.16,9.98,12.1,173.21
2022-04-26,18.1,24.1,1.07,1016,48.13,5.63,9.98,12.1,172.54
2022-04-27,17.95,23.8,1.3,1012,49.21,5.9,9.98,12.1,159.71
2022-04-28,18.25,24.4,1.57,1001,49.88,5.56,9.98,12.1,165.08
2022-04-29,17.55,23.0,1.54,1008,51.03,5.7,9.98,12.1,153.92
2022-04-30,16.45,19.5,5.33,1001,59.23,25.39,9.98,13.4,109.54
2022-05-01,18.07,22.75,1.58,1005,54.53,6.42,9.33,13.4,86.86
2022-05-02,18.23,23.05,1.59,1011,55.87,5.02,9.33,13.4,113.46
2022-05-03,17.73,22.05,1.6,1017,54.81,7.9,9.33,13.4,86.88
2022-05-04,18.2,23.0,1.71,1001,55.36,7.0,9.33,13.4,101.0
2022-05-05,17.7,22.0,1.62,1004,54.88,8.12,9.33,13.4,83.71
2022-05-06,17.35,21.3,1.65,1014,55.32,7.64,9.33,13.4,63.23
2022-05-07,15.1,16.8,1.68,1013,55.32,7.17,9.33,13.4,67.12
2022-05-08,20.95,28.5,3.72,1006,55.54,27.29,9.33,13.4,74.25
2022-05-09,14.95,16.5,1.59,1018,54.53,6.59,9.33,13.4,78.67
2022-05-10,18.32,23.25,1.79,1005,48.24,6.7,9.33,13.4,95.58
2022-05-11,18.15,22.9,1.82,1018,55.67,7.27,9.33,13.4,69.38
2022-05-12,18.07,22.75,1.84,1010,55.12,7.46,9.33,13.4,79.33
2022-05-13,18.52,23.65,1.86,1002,54.93,7.15,9.33,13.4,86.0
2022-05-14,15.7,18.0,1.94,1004,55.36,69.54,9.33,13.4,101.92
2022-05-15,19.45,25.5,2.05,1019,56.11,4.84,9.33,13.4,133.29
2022-05-16,21.65,30.4,1.91,1020,55.75,6.04,9.33,12.9,116.79
2022-05-17,18.27,23.65,1.54,1015,53.42,7.74,9.33,12.9,97.88
2022-05-18,18.65,24.4,1.4,1009,53.15,7.61,9.33,12.9,98.5
2022-05-19,18.18,23.45,1.64,1004,53.92,6.78,9.33,12.9,100.12
2022-05-20,19.0,22.8,1.67,1009,55.16,25.63,9.33,15.2,88.9
2022-05-21,18.95,22.7,1.68,1020,54.73,8.02,9.33,15.2,83.87
2022-05-22,18.02,20.85,1.52,1010,55.04,7.9,9.33,15.2,67.38
2022-05-23,18.23,21.25,1.6,1009,55.24,7.92,9.33,15.2,64.42
2022-05-24,18.27,21.35,1.62,1004,54.69,7.4,9.33,15.2,85.04
2022-05-25,18.85,22.5,1.67,1013,55.99,6.21,9.33,15.2,98.25
2022-05-26,18.05,21.2,1.56,1019,55.39,45.81,9.33,14.9,64.0
2022-05-27,18.05,21.2,1.73,1017,55.32,7.1,9.33,14.9,71.42
2022-05-28,18.38,21.85,1.84,1012,56.11,5.96,9.33,14.9,83.79
2022-05-29,16.45,18.0,1.92,1006,55.87,5.78,9.33,14.9,103.0
2022-05-30,19.25,23.6,1.99,1005,55.68,6.11,9.33,14.9,112.67
2022-05-31,19.0,23.1,1.99,1016,56.07,6.16,9.33,14.9,93.04
2022-06-01,19.3,23.7,3.91,1011,81.62,6.39,8.69,14.9,104.54
2022-06-02,19.88,24.85,2.03,1017,71.0,5.6,8.69,14.9,107.92
2022-06-03,19.93,24.95,1.99,1017,71.0,6.63,8.69,14.9,101.21
2022-06-04,19.45,24.0,2.03,1015,71.51,5.81,8.69,14.9,112.17
2022-06-05,19.57,24.25,2.09,1008,72.38,4.48,8.69,14.9,119.88
2022-06-06,19.57,24.25,2.13,1015,71.71,5.24,8.69,14.9,142.42
2022-06-07,21.55,28.2,2.09,1001,71.56,5.65,8.69,14.9,124.92
2022-06-08,19.55,24.2,2.11,1005,72.07,5.31,8.69,14.9,102.46
2022-06-09,18.95,23.0,2.12,1007,72.17,5.07,8.69,14.9,106.17
2022-06-10,22.05,29.2,2.01,1011,70.75,5.9,8.69,14.9,120.67
2022-06-11,19.95,25.0,2.06,1018,70.9,6.0,8.69,14.9,121.08
2022-06-12,19.68,24.45,1.99,1019,70.85,6.69,8.69,14.9,102.88
2022-06-13,22.3,29.7,2.08,1008,71.76,6.11,8.69,14.9,110.33
2022-06-14,19.7,24.5,4.05,1010,71.73,5.09,8.69,14.9,111.29
2022-06-15,19.3,23.7,2.16,1009,72.12,5.71,8.69,14.9,104.46
2022-06-16,19.98,25.05,2.03,1015,71.15,6.51,8.69,14.9,106.92
2022-06-17,19.73,24.55,1.91,1006,70.35,8.26,8.69,14.9,61.25
2022-06-18,19.57,24.25,1.93,1011,70.85,7.17,8.69,14.9,66.33
2022-06-19,19.6,24.3,1.91,1015,70.4,7.98,8.69,14.9,57.33
2022-06-20,19.68,24.45,1.84,1013,70.7,7.09,8.69,14.9,77.0
2022-06-21,19.1,23.3,1.97,1007,71.66,6.69,8.69,14.9,70.92
2022-06-22,19.82,24.75,2.04,1003,71.2,7.26,8.69,14.9,66.5
2022-06-23,19.82,24.75,2.05,1003,70.95,6.87,8.69,14.9,50.04
2022-06-24,19.77,24.65,2.06,1011,71.41,24.71,8.69,14.9,63.75
2022-06-25,19.82,24.75,2.03,1009,71.25,6.46,8.69,14.9,58.83
2022-06-26,19.75,24.6,2.08,1019,71.51,24.58,8.69,14.9,45.54
2022-06-27,19.55,24.2,2.07,1002,71.56,6.7,8.69,14.9,48.12
2022-06-28,19.2,23.5,2.07,1013,71.87,6.04,8.69,14.9,46.92
2022-06-29,17.6,20.3,3.99,1006,72.49,6.66,8.69,14.9,34.83
2022-06-30,17.6,20.3,1.98,1007,70.95,7.98,8.69,14.9,39.79
2022-07-01,17.6,20.3,2.06,1010,78.28,7.65,8.05,14.9,61.62
2022-07-02,17.6,20.3,2.06,1015,79.29,7.62,8.05,14.9,68.38
2022-07-03,17.6,20.3,2.12,1003,79.35,7.33,8.05,14.9,55.96
2022-07-04,19.75,24.6,2.14,1010,79.18,7.19,8.05,14.9,49.67
2022-07-05,20.6,26.3,2.19,1017,79.46,7.57,8.05,14.9,54.54
2022-07-06,20.52,26.15,2.18,1007,79.52,6.55,8.05,14.9,65.12
2022-07-07,20.55,26.2,2.18,1015,79.01,7.33,8.05,14.9,51.75
2022-07-08,20.4,25.9,2.11,1006,79.97,6.19,8.05,14.9,48.38
2022-07-09,19.62,24.35,2.04,1015,79.57,7.09,8.05,14.9,37.62
2022-07-10,19.98,25.05,2.05,1016,78.73,8.06,8.05,14.9,31.17
2022-07-11,20.32,25.75,2.09,1019,78.84,7.51,8.05,14.9,52.96
2022-07-12,20.32,25.75,2.08,1020,78.9,7.33,8.05,14.9,39.04
2022-07-13,20.35,25.8,2.11,1010,78.95,7.9,8.05,14.9,40.88
2022-07-14,21.45,30.5,2.09,1001,78.95,7.0,8.05,12.4,52.0
2022-07-15,16.2,20.0,2.06,1005,77.84,8.52,8.05,12.4,39.5
2022-07-16,16.2,20.0,2.11,1010,78.34,8.07,8.05,12.4,40.75
2022-07-17,16.2,20.0,2.1,1009,78.17,8.42,8.05,12.4,42.54
2022-07-18,20.9,29.4,2.08,1013,79.12,51.04,8.05,12.4,46.38
2022-07-19,18.85,25.3,2.05,1012,79.18,44.62,8.05,12.4,31.08
2022-07-20,18.3,24.2,2.11,1013,79.8,6.3,8.05,12.4,45.88
2022-07-21,20.3,28.2,2.11,1020,80.03,6.74,8.05,12.4,43.29
2022-07-22,18.15,23.9,2.08,1012,79.97,6.54,8.05,12.4,31.0
2022-07-23,18.85,25.3,2.06,1011,79.29,8.12,8.05,12.4,25.96
2022-07-24,18.57,24.75,2.03,1014,79.29,8.15,8.05,12.4,39.83
2022-07-25,18.57,24.75,2.04,1002,79.34,67.34,8.05,12.4,22.71
2022-07-26,18.1,23.8,2.04,1006,79.8,6.61,8.05,12.4,25.46
2022-07-27,18.32,24.25,2.04,1019,79.63,6.8,8.05,12.4,27.96
2022-07-28,17.9,23.4,2.04,1009,79.29,6.88,8.05,12.4,19.92
2022-07-29,16.7,21.0,2.06,1019,79.46,7.27,8.05,12.4,39.29
2022-07-30,16.7,21.0,2.06,1003,79.46,6.6,8.05,12.4,34.21
2022-07-31,18.95,25.5,4.1,1004,92.5,6.3,8.05,12.4,24.88
2022-08-01,17.82,23.25,2.11,1004,82.12,6.44,7.24,12.4,20.21
2022-08-02,17.9,23.4,2.1,1002,81.83,7.44,7.24,12.4,26.5
2022-08-03,18.25,24.1,3.93,1008,81.61,6.98,7.24,12.4,36.0
2022-08-04,18.1,23.8,2.11,1016,81.94,6.3,7.24,12.4,44.12
2022-08-05,18.88,25.35,2.1,1014,80.84,7.36,7.24,12.4,52.79
2022-08-06,18.9,25.4,2.09,1016,81.59,6.84,7.24,12.4,39.5
2022-08-07,19.3,26.2,2.14,1017,80.96,7.58,7.24,12.4,36.04
2022-08-08,19.15,25.9,2.12,1012,81.02,7.46,7.24,12.4,35.04
2022-08-09,19.45,26.5,2.14,1012,80.73,7.66,7.24,12.4,20.21
2022-08-10,21.35,30.3,2.14,1012,81.02,8.46,7.24,12.4,21.96
2022-08-11,18.95,25.5,2.07,1011,80.5,7.77,7.24,12.4,30.83
2022-08-12,19.05,25.7,2.09,1008,80.39,8.22,7.24,12.4,27.54
2022-08-13,19.62,26.85,2.13,1015,81.31,6.68,7.24,12.4,42.67
2022-08-14,18.48,24.55,2.07,1002,81.25,7.58,7.24,12.4,23.42
2022-08-15,18.45,24.5,1.93,1002,79.98,9.11,7.24,12.4,15.75
2022-08-16,18.73,25.05,2.04,1002,80.33,8.44,7.24,12.4,44.79
2022-08-17,19.15,25.9,3.86,1016,91.63,7.54,7.24,12.4,42.46
2022-08-18,19.6,26.8,2.14,1017,80.73,7.8,7.24,12.4,45.96
2022-08-19,18.85,25.3,2.04,1011,81.25,7.62,7.24,12.4,20.88
2022-08-20,18.68,24.95,2.03,1018,80.9,8.15,7.24,12.4,24.67
2022-08-21,19.2,26.0,2.02,1009,80.21,8.56,7.24,12.4,21.42
2022-08-22,18.85,25.3,2.0,1006,80.16,8.81,7.24,12.4,38.62
2022-08-23,19.18,25.95,2.07,1011,81.36,6.87,7.24,12.4,49.92
2022-08-24,19.07,25.75,2.09,1016,80.96,8.22,7.24,12.4,26.21
2022-08-25,19.23,26.05,2.05,1007,80.5,27.54,7.24,12.4,26.29
2022-08-26,18.35,24.3,2.08,1002,80.96,7.59,7.24,12.4,36.33
2022-08-27,18.95,25.5,2.07,1001,80.96,6.79,7.24,12.4,48.21
2022-08-28,17.62,22.85,2.01,1018,81.71,7.02,7.24,12.4,27.92
2022-08-29,18.52,24.65,2.0,1004,80.38,8.4,7.24,12.4,31.0
2022-08-30,19.07,25.75,2.05,1011,80.56,8.18,7.24,12.4,36.54
2022-08-31,18.23,24.05,2.06,1017,81.54,6.54,7.24,12.4,42.04
2022-09-01,18.35,24.3,1.99,1003,80.21,7.36,6.6,12.4,61.25
2022-09-02,18.35,24.3,1.96,1005,80.1,7.48,6.6,12.4,44.17
2022-09-03,18.55,24.7,2.0,1020,79.93,7.09,6.6,12.4,52.42
2022-09-04,18.7,25.0,2.0,1015,79.87,6.62,6.6,12.4,44.62
2022-09-05,18.8,25.2,2.02,1012,79.76,7.43,6.6,12.4,63.83
2022-09-06,18.82,25.25,2.03,1005,80.04,6.8,6.6,12.4,59.0
2022-09-07,18.05,23.7,2.03,1019,80.78,6.42,6.6,12.4,40.79
2022-09-08,17.55,22.7,2.01,1019,81.01,6.06,6.6,12.4,61.96
2022-09-09,18.07,23.75,1.98,1015,80.61,6.35,6.6,12.4,58.71
2022-09-10,18.15,23.9,1.95,1001,80.32,7.62,6.6,12.4,47.04
2022-09-11,18.6,24.8,2.01,1017,80.78,6.59,6.6,12.4,51.0
2022-09-12,18.4,24.4,3.75,1012,79.9,6.87,6.6,12.4,20.7
2022-09-13,17.98,23.55,1.94,1011,80.49,7.19,6.6,12.4,26.46
2022-09-14,17.8,23.2,1.97,1019,80.78,7.51,6.6,12.4,26.0
2022-09-15,17.68,22.95,1.99,1018,80.84,7.31,6.6,12.4,23.25
2022-09-16,19.7,27.0,1.98,1008,80.78,7.51,6.6,12.4,34.96
2022-09-17,17.4,22.4,2.01,1009,81.01,6.93,6.6,12.4,53.75
2022-09-18,18.45,24.5,2.03,1017,80.32,25.56,6.6,12.4,50.71
2022-09-19,18.68,24.95,2.0,1006,80.5,7.13,6.6,12.4,46.0
2022-09-20,18.52,24.65,2.03,1008,80.38,6.85,6.6,12.4,51.21
2022-09-21,18.93,25.45,2.0,1011,80.04,7.69,6.6,12.4,49.46
2022-09-22,15.9,19.4,1.99,1015,79.98,7.78,6.6,12.4,46.21
2022-09-23,18.55,24.7,1.99,1009,80.1,6.8,6.6,12.4,45.86
2022-09-24,18.02,23.65,1.92,1003,79.7,6.98,6.6,12.4,45.21
2022-09-25,18.65,24.9,1.93,1017,80.21,7.27,6.6,12.4,53.12
2022-09-26,17.77,23.15,1.87,1018,79.92,6.85,6.6,12.4,55.38
2022-09-27,18.2,24.0,1.86,1014,79.81,7.02,6.6,12.4,43.12
2022-09-28,18.2,24.0,1.88,1016,79.87,7.77,6.6,12.4,55.62
2022-09-29,18.2,24.0,1.87,1015,79.47,7.79,6.6,12.4,54.38
2022-09-30,18.2,24.0,1.89,1010,79.75,6.78,6.6,12.4,62.12
2022-10-01,18.2,24.0,1.89,1016,76.78,7.3,6.28,12.4,67.17
2022-10-02,18.75,25.1,1.81,1012,76.23,7.6,6.28,12.4,64.92
2022-10-03,18.12,24.45,1.88,1015,76.73,7.78,6.28,11.8,53.29
2022-10-04,16.73,21.65,1.92,1002,78.22,45.96,6.28,11.8,29.0
2022-10-05,16.1,20.4,1.82,1016,77.99,6.83,6.28,11.8,11.21
2022-10-06,15.38,18.95,1.8,1020,78.89,5.63,6.28,11.8,12.62
2022-10-07,17.23,22.65,1.83,1002,78.05,7.49,6.28,11.8,30.46
2022-10-08,17.43,23.05,1.76,1009,76.94,7.76,6.28,11.8,27.29
2022-10-09,17.2,22.6,3.59,1014,77.13,25.95,6.28,11.8,26.08
2022-10-10,17.15,22.5,1.77,1018,77.11,7.42,6.28,11.8,33.88
2022-10-11,16.27,20.75,1.69,1008,77.33,7.38,6.28,11.8,44.79
2022-10-12,17.02,22.25,1.74,1001,76.94,8.28,6.28,11.8,36.96
2022-10-13,17.25,22.7,1.65,1010,76.45,27.7,6.28,11.8,37.21
2022-10-14,16.65,21.5,1.6,1007,76.39,8.75,6.28,11.8,33.29
2022-10-15,16.9,22.0,1.64,1005,76.61,8.38,6.28,11.8,44.92
2022-10-16,16.75,21.7,1.26,1019,74.87,8.27,6.28,11.8,55.67
2022-10-17,19.15,26.5,1.01,1018,73.44,9.25,6.28,11.8,50.17
2022-10-18,15.28,18.75,1.27,1018,75.73,7.94,6.28,11.8,64.21
2022-10-19,15.03,18.25,1.22,1010,75.9,7.11,6.28,11.8,74.71
2022-10-20,15.28,18.75,1.22,1005,75.73,7.65,6.28,11.8,86.33
2022-10-21,15.43,19.05,1.25,1019,75.52,7.5,6.28,11.8,94.96
2022-10-22,15.45,19.1,1.02,1001,74.6,7.9,6.28,11.8,82.25
2022-10-23,15.45,19.1,0.98,1012,73.96,8.24,6.28,11.8,79.29
2022-10-24,15.65,19.5,1.13,1012,74.87,8.6,6.28,11.8,84.54
2022-10-25,15.35,18.9,1.03,1002,74.6,8.4,6.28,11.8,66.58
2022-10-26,15.03,18.25,1.23,1016,75.84,8.18,6.28,11.8,66.92
2022-10-27,18.25,24.7,1.36,1003,76.66,6.92,6.28,11.8,100.54
2022-10-28,15.15,18.5,1.32,1001,76.5,6.8,6.28,11.8,97.9
2022-10-29,15.4,19.0,1.24,1005,76.0,7.44,6.28,11.8,103.27
2022-10-30,11.6,11.4,1.16,1016,75.57,7.83,6.28,11.8,94.67
2022-10-31,15.15,18.5,1.23,1003,76.0,43.81,6.28,11.8,86.83
2022-11-01,15.05,18.3,1.2,1018,81.72,7.28,6.28,11.8,84.0
2022-11-02,14.9,18.0,1.09,1010,81.54,7.89,6.28,11.8,77.71
2022-11-03,14.6,17.4,0.98,1010,80.9,7.92,6.28,11.8,73.88
2022-11-04,14.75,17.7,1.15,1016,81.6,6.74,6.28,11.8,103.29
2022-11-05,14.78,17.75,1.16,1020,81.6,7.34,6.28,11.8,104.67
2022-11-06,14.8,17.8,1.23,1005,82.19,25.35,6.28,11.8,107.17
2022-11-07,14.8,17.8,1.26,1002,82.48,7.15,6.28,11.8,87.17
2022-11-08,14.53,17.25,1.18,1020,82.07,6.66,6.28,11.8,100.33
2022-11-09,14.8,17.8,1.12,1016,81.31,6.45,6.28,11.8,106.08
2022-11-10,14.7,17.6,1.11,1017,81.72,6.81,6.28,11.8,94.29
2022-11-11,14.38,16.95,1.08,1017,81.89,6.43,6.28,11.8,103.54
2022-11-12,14.12,16.45,0.91,1005,81.53,7.16,6.28,11.8,109.88
2022-11-13,16.9,22.0,0.95,1011,81.89,7.02,6.28,11.8,98.71
2022-11-14,13.6,15.4,1.0,1004,82.12,5.16,6.28,11.8,135.92
2022-11-15,13.65,15.5,1.05,1016,82.3,5.81,6.28,11.8,136.08
2022-11-16,13.73,15.65,1.05,1017,82.18,6.19,6.28,11.8,134.33
2022-11-17,13.43,15.05,1.0,1008,82.3,5.48,6.28,11.8,123.46
2022-11-18,13.75,15.7,1.05,1018,82.42,5.21,6.28,11.8,141.17
2022-11-19,13.73,15.65,0.98,1013,81.77,5.74,6.28,11.8,140.67
2022-11-20,13.78,15.75,0.99,1006,81.95,6.57,6.28,11.8,126.54
2022-11-21,13.57,15.35,0.91,1005,81.83,7.55,6.28,11.8,105.58
2022-11-22,13.2,14.6,0.84,1004,81.59,7.0,6.28,11.8,107.71
2022-11-23,13.05,14.3,0.96,1019,82.3,6.57,6.28,11.8,120.79
2022-11-24,13.38,14.95,0.92,1006,81.83,6.52,6.28,11.8,113.67
2022-11-25,13.78,15.75,0.9,1011,81.36,6.87,6.28,11.8,127.96
2022-11-26,13.82,15.85,0.93,1010,81.48,7.72,6.28,11.8,121.0
2022-11-27,16.9,22.0,0.94,1011,81.89,7.89,6.28,11.8,108.17
2022-11-28,10.4,9.0,0.95,1006,82.18,5.73,6.28,11.8,110.71
2022-11-29,13.32,14.85,0.94,1016,82.06,5.94,6.28,11.8,114.38
2022-11-30,16.65,21.5,0.93,1014,82.06,6.42,6.28,11.8,127.96
2022-12-01,12.98,14.15,0.81,1003,76.96,7.53,6.12,11.8,120.88
2022-12-02,12.95,14.1,0.8,1012,76.74,7.24,6.12,11.8,119.96
2022-12-03,12.75,13.7,0.8,1014,76.9,6.81,6.12,11.8,124.0
2022-12-04,12.8,13.8,0.83,1008,77.18,6.94,6.12,11.8,129.08
2022-12-05,12.57,13.35,0.81,1020,77.18,7.67,6.12,11.8,117.33
2022-12-06,12.6,13.4,0.74,1007,76.62,6.63,6.12,11.8,112.58
2022-12-07,12.48,13.15,0.77,1019,77.12,7.0,6.12,11.8,107.75
2022-12-08,12.6,13.4,0.71,1020,76.79,7.51,6.12,11.8,125.08
2022-12-09,12.55,13.3,0.76,1010,76.84,6.9,6.12,11.8,119.25
2022-12-10,12.53,13.25,0.74,1014,77.06,6.59,6.12,11.8,128.67
2022-12-11,12.6,13.4,0.65,1007,76.51,6.46,6.12,11.8,136.62
2022-12-12,12.55,13.3,0.62,1001,76.62,6.48,6.12,11.8,140.62
2022-12-13,12.55,13.3,0.7,1016,76.84,5.76,6.12,11.8,150.25
2022-12-14,12.07,12.35,0.82,1005,77.51,5.06,6.12,11.8,147.83
2022-12-15,12.48,13.15,0.79,1017,77.29,6.86,6.12,11.8,146.96
2022-12-16,12.43,13.05,0.89,1017,77.35,5.15,6.12,11.8,152.0
2022-12-17,12.62,13.45,0.83,1009,77.45,4.65,6.12,11.8,160.17
2022-12-18,12.75,13.7,0.82,1007,77.34,5.65,6.12,11.8,156.21
2022-12-19,12.62,13.45,0.75,1012,77.23,6.19,6.12,11.8,141.75
2022-12-20,12.53,13.25,0.71,1015,77.12,6.54,6.12,11.8,128.67
2022-12-21,12.53,13.25,0.8,1002,77.4,6.07,6.12,11.8,135.04
2022-12-22,12.53,13.25,2.73,1020,77.99,5.37,6.12,11.8,142.58
2022-12-23,11.75,11.7,0.61,1003,77.01,6.3,6.12,11.8,141.92
2022-12-24,11.8,11.8,0.44,1006,76.29,6.09,6.12,11.8,156.67
2022-12-25,11.6,11.4,0.41,1006,76.12,6.46,6.12,11.8,153.54
2022-12-26,11.6,11.4,0.45,1004,76.12,6.96,6.12,11.8,136.67
2022-12-27,11.45,11.1,0.28,1015,75.84,6.76,6.12,11.8,143.62
2022-12-28,11.03,10.25,0.4,1009,76.78,5.44,6.12,11.8,146.62
2022-12-29,10.95,10.1,0.45,1014,77.17,40.91,6.12,11.8,169.13
2022-12-30,11.03,10.25,0.48,1018,77.23,4.24,6.12,11.8,139.58
2022-12-31,13.65,15.5,0.48,1012,77.34,4.18,6.12,11.8,139.96
2023-01-01,11.05,10.3,0.58,1014,76.65,4.61,6.92,11.8,139.96
2023-01-02,11.65,11.5,0.58,1007,76.59,4.4,6.92,11.8,139.96
2023-01-03,11.2,10.6,0.52,1003,76.26,4.4,6.92,11.8,160.58
2023-01-04,11.43,11.05,0.45,1011,76.42,5.56,6.92,11.8,162.46
2023-01-05,10.85,9.9,0.28,1004,75.22,6.4,6.92,11.8,151.71
2023-01-06,11.45,11.1,0.23,1001,74.52,5.94,6.92,11.8,169.0
2023-01-07,11.57,11.35,1.86,1012,83.54,7.3,6.92,11.8,172.92
2023-01-08,11.7,11.6,0.01,1017,72.92,7.26,6.92,11.8,165.12
2023-01-09,11.82,11.85,0.14,1008,73.5,7.35,6.92,11.8,166.45
2023-01-10,11.75,11.7,0.33,1002,74.42,6.87,6.92,11.8,164.88
2023-01-11,11.53,11.25,0.31,1003,74.57,7.23,6.92,11.8,148.46
2023-01-12,11.73,11.65,0.4,1017,75.06,6.9,6.92,11.8,146.75
2023-01-13,11.6,11.4,0.47,1004,75.5,7.19,6.92,11.8,138.71
2023-01-14,11.65,11.5,0.28,1017,74.68,7.4,6.92,11.8,135.33
2023-01-15,11.28,10.75,0.45,1012,75.93,24.19,6.92,11.8,153.67
2023-01-16,10.95,10.1,0.49,1018,76.42,4.29,6.92,11.8,163.54
2023-01-17,8.15,4.5,0.41,1003,75.88,4.91,6.92,11.8,163.12
2023-01-18,10.88,9.95,0.34,1019,75.82,4.41,6.92,11.8,161.62
2023-01-19,10.53,9.25,0.39,1017,76.26,3.68,6.92,11.8,170.29
2023-01-20,11.23,10.65,0.48,1020,75.99,4.01,6.92,11.8,184.38
2023-01-21,11.85,11.9,0.16,1019,73.82,6.57,6.92,11.8,160.83
2023-01-22,11.53,11.25,-0.06,1018,72.5,7.32,6.92,11.8,146.75
2023-01-23,12.48,13.15,0.12,1002,73.08,7.1,6.92,11.8,146.71
2023-01-24,12.32,12.85,0.48,1005,74.47,6.19,6.92,11.8,161.29
2023-01-25,12.95,14.1,0.63,1006,74.85,5.58,6.92,11.8,172.67
2023-01-26,13.32,14.85,0.63,1008,74.91,6.44,6.92,11.8,157.17
2023-01-27,12.98,14.15,0.41,1009,73.89,7.06,6.92,11.8,146.88
2023-01-28,12.43,13.05,0.3,1020,73.62,7.32,6.92,11.8,150.67
2023-01-29,12.43,13.05,0.53,1016,74.58,5.96,6.92,11.8,161.29
2023-01-30,12.98,14.15,0.76,1017,75.56,3.55,6.92,11.8,187.17
2023-01-31,13.9,16.0,0.56,1008,73.68,6.1,6.92,11.8,168.38
2023-02-01,13.1,14.4,0.41,1003,66.17,6.79,8.05,11.8,156.38
2023-02-02,13.07,14.35,0.53,1019,66.84,6.19,8.05,11.8,155.12
2023-02-03,12.73,13.65,0.54,1016,66.93,6.16,8.05,11.8,152.46
2023-02-04,12.75,13.7,0.65,1014,67.52,5.95,8.05,11.8,159.42
2023-02-05,12.78,13.75,0.61,1007,67.47,6.07,8.05,11.8,163.71
2023-02-06,12.98,14.15,0.73,1009,67.95,4.8,8.05,11.8,167.58
2023-02-07,12.78,13.75,0.48,1018,67.08,5.84,8.05,11.8,155.71
2023-02-08,12.6,13.4,0.64,1020,67.81,5.53,8.05,11.8,159.12
2023-02-09,12.78,13.75,0.74,1016,68.35,4.72,8.05,11.8,163.58
2023-02-10,13.0,14.2,0.72,1004,67.91,5.2,8.05,11.8,162.25
2023-02-11,13.23,14.65,0.57,1012,66.79,6.68,8.05,11.8,162.25
2023-02-12,12.93,14.05,0.3,1001,65.83,7.07,8.05,11.8,162.25
2023-02-13,12.4,13.0,2.26,1018,76.48,5.66,8.05,11.8,162.25
2023-02-14,12.6,13.4,0.48,1002,66.84,6.2,8.05,11.8,162.25
2023-02-15,13.9,16.0,0.54,1012,66.12,6.88,8.05,11.8,162.25
2023-02-16,11.8,11.8,2.57,1007,76.03,6.29,8.05,11.8,162.25
2023-02-17,10.2,8.6,0.72,1014,66.75,6.03,8.05,11.8,162.25
2023-02-18,10.2,8.6,0.76,1001,66.65,5.86,8.05,11.8,162.25
2023-02-19,10.2,8.6,0.79,1013,66.89,6.15,8.05,11.8,162.25
2023-02-20,14.28,16.75,0.93,1015,67.72,5.48,8.05,11.8,162.25
2023-02-21,14.55,17.3,1.05,1009,68.11,3.85,8.05,11.8,162.25
2023-02-22,14.53,17.25,0.77,1007,66.61,6.08,8.05,11.8,162.25
2023-02-23,14.65,17.5,0.92,1015,67.38,5.44,8.05,11.8,162.25
2023-02-24,18.4,25.0,0.91,1014,67.62,6.01,8.05,11.8,162.25
2023-02-25,14.15,16.5,1.0,1013,68.25,5.02,8.05,11.8,162.25
2023-02-26,14.22,16.65,0.9,1004,68.94,5.0,8.05,11.8,162.25
2023-02-27,13.1,14.4,0.86,1015,68.25,5.88,8.05,11.8,162.25
2023-02-28,14.0,16.2,0.99,1013,68.35,4.37,8.05,11.8,162.25
2023-03-01,14.58,17.35,1.06,1003,58.56,4.15,9.33,11.8,162.25
2023-03-02,11.2,10.6,3.14,1010,58.43,4.19,9.33,11.8,162.25
2023-03-03,11.2,10.6,1.25,1007,58.77,4.72,9.33,11.8,162.25
2023-03-04,11.2,10.6,3.3,1012,58.85,4.11,9.33,11.8,174.46
2023-03-05,11.2,10.6,1.1,1014,58.06,4.78,9.33,11.8,164.62
2023-03-06,11.2,10.6,1.03,1014,50.53,5.72,9.33,11.8,168.0
2023-03-07,15.15,18.5,2.63,1015,65.04,5.97,9.33,11.8,160.46
2023-03-08,13.62,15.45,0.89,1007,58.76,5.0,9.33,11.8,177.12
2023-03-09,14.35,16.9,0.69,1003,56.98,6.74,9.33,11.8,156.96
2023-03-10,14.68,17.55,2.44,1006,64.26,6.87,9.33,11.8,175.38
2023-03-11,14.85,17.9,0.78,1009,57.72,6.37,9.33,11.8,192.79
2023-03-12,14.6,17.4,0.97,1001,57.77,4.61,9.33,11.8,166.46
2023-03-13,15.53,19.25,1.04,1014,58.1,22.29,9.33,11.8,185.67
2023-03-14,15.62,18.5,0.87,1013,57.15,5.66,9.33,12.73,168.33
2023-03-15,15.62,18.5,0.71,1013,56.98,7.54,9.33,12.73,106.08
2023-03-16,18.46,24.2,0.97,1004,57.81,4.91,9.33,12.73,161.58
2023-03-17,15.29,17.85,1.06,1003,58.89,4.58,9.33,12.73,176.12
2023-03-18,14.99,17.25,1.02,1013,59.02,5.91,9.33,12.73,150.42
2023-03-19,14.46,16.2,1.05,1005,58.98,6.75,9.33,12.73,113.08
2023-03-20,14.14,15.55,1.08,1001,59.66,6.36,9.33,12.73,61.08
2023-03-21,14.32,15.9,1.05,1006,59.15,8.27,9.33,12.73,56.92
2023-03-22,15.29,17.85,0.88,1011,57.89,8.85,9.33,12.73,52.08
2023-03-23,18.96,25.2,1.01,1004,58.22,7.3,9.33,12.73,94.17
2023-03-24,15.54,18.35,0.99,1008,57.85,6.56,9.33,12.73,121.38
2023-03-25,14.93,18.5,0.87,1006,57.35,7.49,9.33,11.35,121.67
2023-03-26,14.8,18.8,2.3,1006,63.12,7.39,9.33,10.8,127.29
2023-03-27,14.88,18.95,2.48,1005,63.94,7.18,9.33,10.8,128.46
2023-03-28,14.62,18.45,0.59,1020,56.05,7.05,9.33,10.8,135.83
2023-03-29,18.9,27.0,0.72,1005,56.29,6.15,9.33,10.8,163.67
2023-03-30,14.9,19.0,0.85,1020,56.9,5.29,9.33,10.8,168.92
2023-03-31,14.4,18.0,1.06,1007,59.44,5.24,9.33,10.8,158.38
2023-04-01,16.55,22.3,0.96,1003,51.57,7.44,9.98,10.8,86.62
2023-04-02,13.4,16.0,1.01,1020,51.32,7.36,9.98,10.8,71.23
2023-04-03,10.15,9.5,1.08,1010,50.77,7.94,9.98,10.8,66.04
2023-04-04,14.6,18.9,0.95,1011,50.15,7.19,9.98,10.3,100.46
2023-04-05,14.53,18.75,0.91,1008,49.62,7.84,9.98,10.3,81.79
2023-04-06,15.2,20.1,0.78,1018,48.91,6.92,9.98,10.3,134.67
2023-04-07,10.8,11.3,0.92,1007,49.27,5.83,9.98,10.3,168.75
2023-04-08,10.8,11.3,0.86,1013,48.95,5.19,9.98,10.3,173.04
2023-04-09,10.8,11.3,0.59,1012,47.73,6.05,9.98,10.3,168.46
2023-04-10,19.9,29.5,4.29,1006,54.66,6.44,9.98,10.3,151.5
2023-04-11,15.65,21.0,0.78,1009,48.29,3.84,9.98,10.3,188.17
2023-04-12,20.65,31.0,0.8,1003,48.15,4.23,9.98,10.3,205.71
2023-04-13,20.4,31.0,0.73,1002,47.91,5.14,9.8,9.8,196.96
2023-04-14,16.08,22.35,1.0,1005,48.61,4.91,9.8,9.8,174.54
2023-04-15,16.43,23.05,1.18,1013,49.17,3.98,9.8,9.8,205.5
2023-04-16,16.7,23.6,0.8,1003,47.78,4.65,9.8,9.8,190.33
2023-04-17,16.52,23.25,0.77,1005,47.44,5.29,9.8,9.8,174.54
2023-04-18,16.77,23.75,0.76,1003,47.2,5.19,9.8,9.8,182.75
2023-04-19,16.95,24.1,0.89,1004,47.58,5.13,9.8,9.8,192.21
2023-04-20,12.8,15.8,0.78,1004,47.13,5.64,9.8,9.8,174.54
2023-04-21,21.41,28.9,0.88,1002,48.95,6.17,9.98,13.92,153.04
2023-04-22,17.46,21.0,0.72,1008,48.05,7.36,9.98,13.92,130.0
2023-04-23,16.95,21.0,2.66,1006,56.1,6.38,9.98,12.9,164.58
2023-04-24,14.32,15.75,1.1,1006,51.69,24.48,9.98,12.9,113.25
2023-04-25,15.95,19.0,1.05,1012,50.81,7.12,9.98,12.9,126.75
2023-04-26,16.38,19.85,1.11,1016,50.01,6.79,9.98,12.9,141.79
2023-04-27,16.52,20.15,1.16,1015,50.02,5.32,9.98,12.9,167.04
2023-04-28,17.15,21.4,1.18,1011,49.52,6.27,9.98,12.9,239.33
2023-04-29,17.25,21.6,3.13,1010,58.0,5.7,9.98,12.9,177.5
2023-04-30,15.1,17.3,1.42,1019,52.1,3.99,9.98,12.9,148.04
2023-05-01,13.55,14.2,1.33,1013,56.03,6.26,9.33,12.9,123.25
2023-05-02,13.55,14.2,1.32,1004,55.87,26.2,9.33,12.9,101.0
2023-05-03,12.55,12.2,3.35,1019,64.04,6.12,9.33,12.9,109.96
2023-05-04,15.7,18.5,1.36,1012,56.27,25.39,9.33,12.9,86.08
2023-05-05,12.6,12.3,1.33,1014,47.63,46.38,9.33,12.9,83.71
2023-05-06,21.45,30.0,1.34,1007,53.6,8.14,9.33,12.9,89.38
2023-05-07,14.05,15.2,1.23,1020,53.07,8.12,9.33,12.9,108.42
2023-05-08,14.05,15.2,1.0,1013,52.13,7.94,9.33,12.9,107.71
2023-05-09,14.05,15.2,0.76,1001,51.2,7.8,9.33,12.9,121.17
2023-05-10,11.7,15.2,0.58,1009,50.68,8.17,8.2,8.2,140.17
2023-05-11,18.95,29.7,0.54,1016,50.53,8.08,8.2,8.2,143.58
2023-05-12,15.22,22.25,2.92,1002,59.69,6.5,8.2,8.2,158.96
2023-05-13,15.75,23.3,3.37,1020,61.27,5.81,8.2,8.2,160.12
2023-05-14,20.6,24.7,1.46,1012,54.26,6.23,9.33,16.5,148.75
2023-05-15,17.0,21.6,1.43,1012,54.34,7.26,9.33,12.4,89.71
2023-05-16,17.02,21.65,1.53,1019,54.49,6.76,9.33,12.4,93.54
2023-05-17,16.7,23.6,1.56,1015,55.35,5.52,9.33,9.8,124.71
2023-05-18,15.15,20.5,1.66,1020,55.32,5.65,9.33,9.8,101.21
2023-05-19,18.2,23.0,3.21,1002,54.56,6.69,9.33,13.4,100.58
2023-05-20,11.95,13.6,1.39,1008,54.26,7.46,9.33,10.3,78.83
2023-05-21,16.1,21.9,1.55,1011,54.42,7.15,9.33,10.3,92.46
2023-05-22,16.83,23.35,1.76,1016,54.69,6.31,9.33,10.3,143.71
2023-05-23,16.08,21.85,1.68,1009,54.85,6.31,9.33,10.3,124.0
2023-05-24,19.9,29.5,1.63,1002,54.61,7.83,9.33,10.3,84.25
2023-05-25,16.18,22.05,1.57,1005,55.75,7.76,9.33,10.3,64.17
2023-05-26,16.75,20.6,1.56,1017,55.08,7.89,9.33,12.9,59.29
2023-05-27,17.5,22.1,1.57,1010,55.32,7.8,9.33,12.9,48.29
2023-05-28,16.93,20.95,1.57,1015,54.96,7.95,9.33,12.9,68.75
2023-05-29,17.98,23.05,1.71,1020,54.57,7.89,9.33,12.9,81.12
2023-05-30,18.8,24.7,1.67,1013,53.8,8.35,9.33,12.9,85.0
2023-05-31,19.1,25.3,1.59,1002,53.31,8.32,9.33,12.9,87.62
2023-06-01,19.1,25.3,1.47,1015,67.83,8.25,8.69,12.9,95.79
2023-06-02,15.45,18.0,1.4,1007,67.68,8.26,8.69,12.9,99.92
2023-06-03,18.75,24.6,1.37,1008,67.54,8.52,8.69,12.9,90.04
2023-06-04,18.85,24.8,1.38,1008,67.49,115.05,8.69,12.9,91.5
2023-06-05,18.93,24.95,1.5,1014,68.22,8.09,8.69,12.9,101.12
2023-06-06,19.15,25.4,1.41,1017,68.12,8.14,8.69,12.9,91.42
2023-06-07,18.85,24.8,1.56,1006,68.32,7.68,8.69,12.9,95.88
2023-06-08,15.85,18.8,1.58,1010,67.88,7.53,8.69,12.9,103.54
2023-06-09,19.52,26.15,1.64,1014,67.89,7.33,8.69,12.9,95.54
2023-06-10,23.1,33.3,1.74,1003,68.76,7.26,8.69,12.9,114.12
2023-06-11,19.88,26.85,1.88,1003,69.6,6.87,8.69,12.9,101.96
2023-06-12,18.57,24.25,1.99,1001,70.95,6.92,8.69,12.9,89.88
2023-06-13,19.05,25.2,1.99,1013,71.1,6.5,8.69,12.9,76.54
2023-06-14,21.3,29.7,1.95,1016,71.35,6.98,8.69,12.9,61.29
2023-06-15,21.85,30.8,1.94,1012,70.4,7.17,8.69,12.9,70.83
2023-06-16,19.32,25.75,1.9,1013,69.9,7.25,8.69,12.9,95.17
2023-06-17,19.48,26.05,1.98,1015,61.53,7.52,8.69,12.9,91.25
2023-06-18,19.17,26.3,2.0,1005,70.6,7.57,8.69,12.04,72.76
2023-06-19,18.92,25.8,2.0,1010,70.7,25.36,8.69,12.04,60.54
2023-06-20,15.77,19.5,1.94,1001,70.2,7.74,8.69,12.04,53.92
2023-06-21,15.77,19.5,2.0,1006,70.0,8.37,8.69,12.04,77.88
2023-06-22,15.77,19.5,2.06,1010,70.45,7.58,8.69,12.04,60.58
2023-06-23,15.77,19.5,2.12,1003,70.8,7.47,8.69,12.04,53.96
2023-06-24,15.77,19.5,4.08,1005,70.89,8.58,8.69,12.04,21.89
2023-06-25,15.77,19.5,2.1,1003,71.05,8.2,8.69,12.04,30.0
2023-06-26,19.17,26.3,3.85,1010,71.08,7.44,8.69,12.04,44.62
2023-06-27,18.39,24.75,5.67,1016,81.49,7.11,8.69,12.04,31.42
2023-06-28,18.82,25.6,2.07,1006,71.26,25.68,8.69,12.04,29.62
2023-06-29,18.18,25.05,2.03,1006,71.2,7.8,8.69,11.3,20.46
2023-06-30,17.27,23.25,2.07,1012,72.02,7.76,8.69,11.3,23.42
2023-07-01,17.5,23.7,2.06,1018,79.68,7.47,8.05,11.3,26.42
2023-07-02,18.33,25.35,2.09,1013,79.23,26.33,8.05,11.3,30.11
2023-07-03,18.43,25.55,2.11,1003,70.18,6.87,8.05,11.3,22.58
2023-07-04,17.68,24.05,3.91,1014,80.15,6.27,8.05,11.3,34.58
2023-07-05,17.6,23.9,2.01,1011,79.12,7.73,8.05,11.3,36.21
2023-07-06,18.48,25.65,2.07,1015,78.56,8.02,8.05,11.3,50.04
2023-07-07,18.65,26.0,2.08,1020,78.78,7.98,8.05,11.3,34.08
2023-07-08,21.05,30.8,2.04,1012,78.73,8.42,8.05,11.3,28.88
2023-07-09,18.65,26.0,2.11,1004,78.73,7.98,8.05,11.3,46.25
2023-07-10,18.9,26.5,3.86,1011,79.09,24.46,8.05,11.3,46.12
2023-07-11,18.62,25.95,2.12,1002,79.06,6.84,8.05,11.3,57.62
2023-07-12,18.3,25.3,2.13,1009,79.35,6.41,8.05,11.3,59.54
2023-07-13,18.0,24.7,2.12,1018,79.91,6.01,8.05,11.3,45.55
2023-07-14,17.55,23.8,3.86,1014,90.57,6.09,8.05,11.3,45.55
2023-07-15,18.12,24.95,2.1,1004,79.12,7.45,8.05,11.3,22.2
2023-07-16,18.45,25.6,2.14,1005,79.63,6.54,8.05,11.3,42.17
2023-07-17,18.12,24.95,2.1,1017,80.03,6.39,8.05,11.3,26.88
2023-07-18,17.73,24.15,2.11,1017,79.8,7.32,8.05,11.3,23.12
2023-07-19,18.68,26.05,2.12,1018,78.95,7.61,8.05,11.3,29.75
2023-07-20,19.05,26.8,2.2,1015,79.23,7.51,8.05,11.3,48.79
2023-07-21,18.75,26.2,2.15,1007,79.57,6.64,8.05,11.3,47.12
2023-07-22,18.8,26.3,2.14,1012,79.23,7.42,8.05,11.3,29.79
2023-07-23,18.52,25.75,2.12,1003,79.46,7.16,8.05,11.3,25.96
2023-07-24,18.33,25.35,2.08,1003,79.4,6.93,8.05,11.3,39.83
2023-07-25,17.35,23.4,3.82,1002,90.38,7.08,8.05,11.3,22.71
2023-07-26,18.33,25.35,2.03,1014,79.01,7.59,8.05,11.3,38.04
2023-07-27,18.02,24.75,3.96,1002,90.56,7.13,8.05,11.3,37.88
2023-07-28,18.0,24.7,2.1,1003,79.52,7.1,8.05,11.3,27.33
2023-07-29,17.4,23.5,2.13,1010,79.86,7.04,8.05,11.3,25.25
2023-07-30,17.65,24.0,2.17,1007,80.03,7.45,8.05,11.3,39.04
2023-07-31,18.38,25.45,3.94,1011,89.73,7.46,8.05,11.3,44.38
2023-08-01,18.83,26.35,2.19,1014,81.48,7.71,7.24,11.3,22.17
2023-08-02,18.5,25.7,2.17,1020,81.02,8.25,7.24,11.3,22.88
2023-08-03,18.55,25.8,2.18,1004,81.48,8.04,7.24,11.3,26.71
2023-08-04,20.5,29.7,2.1,1005,81.02,8.53,7.24,11.3,38.38
2023-08-05,16.12,25.05,2.09,1009,81.36,6.71,7.2,7.2,30.83
2023-08-06,15.03,22.85,2.11,1017,82.24,6.55,7.2,7.2,36.71
2023-08-07,15.53,23.85,2.16,1019,82.29,5.86,7.2,7.2,33.54
2023-08-08,15.17,23.15,2.13,1016,81.94,6.89,7.2,7.2,23.25
2023-08-09,16.1,25.0,2.17,1013,81.83,7.11,7.2,7.2,44.58
2023-08-10,16.23,25.25,2.13,1019,81.07,8.0,7.2,7.2,22.75
2023-08-11,16.55,25.9,2.18,1020,81.65,6.61,7.2,7.2,46.71
2023-08-12,15.65,24.1,2.19,1003,82.53,5.99,7.2,7.2,28.5
2023-08-13,14.5,21.8,3.76,1014,82.65,5.63,7.2,7.2,35.12
2023-08-14,14.47,21.75,1.96,1015,81.65,6.49,7.2,7.2,54.08
2023-08-15,16.05,24.9,2.07,1019,80.9,6.89,7.2,7.2,58.08
2023-08-16,15.8,24.4,2.11,1009,81.02,7.34,7.2,7.2,51.0
2023-08-17,16.75,26.3,2.11,1013,80.39,8.2,7.2,7.2,53.0
2023-08-18,16.62,26.05,2.16,1007,81.19,24.93,7.2,7.2,37.67
2023-08-19,16.88,26.55,2.1,1003,80.56,7.57,7.2,7.2,44.75
2023-08-20,16.65,26.1,2.12,1015,81.31,6.31,7.2,7.2,30.75
2023-08-21,14.8,22.4,2.06,1018,82.59,5.07,7.2,7.2,31.88
2023-08-22,15.47,23.75,2.04,1020,81.94,6.29,7.2,7.2,26.67
2023-08-23,14.45,21.7,2.08,1020,82.7,4.75,7.2,7.2,21.79
2023-08-24,13.6,20.0,2.1,1017,82.12,6.05,7.2,7.2,30.54
2023-08-25,15.25,23.3,2.08,1003,82.53,5.82,7.2,7.2,11.0
2023-08-26,15.47,23.75,2.08,1004,81.88,7.25,7.2,7.2,17.92
2023-08-27,16.03,24.85,2.05,1011,80.96,7.81,7.2,7.2,33.42
2023-08-28,15.82,24.45,1.93,1012,80.15,7.27,7.2,7.2,70.25
2023-08-29,16.2,25.2,1.94,1005,80.44,7.38,7.2,7.2,67.42
2023-08-30,16.25,25.3,2.05,1009,80.5,6.79,7.2,7.2,80.17
2023-08-31,16.28,25.35,2.06,1013,80.96,6.87,7.2,7.2,69.08
2023-09-01,19.05,30.9,2.11,1006,79.93,7.04,6.6,7.2,74.17
2023-09-02,16.65,26.1,2.16,1017,79.81,6.96,6.6,7.2,76.79
2023-09-03,16.48,25.75,2.07,1008,79.7,6.93,6.6,7.2,61.33
2023-09-04,16.07,24.95,1.95,1016,79.13,9.0,6.6,7.2,28.54
2023-09-05,16.1,25.0,2.02,1015,79.53,7.67,6.6,7.2,55.25
2023-09-06,16.35,25.5,1.95,1005,78.91,26.22,6.6,7.2,61.79
2023-09-07,12.45,17.7,2.02,1017,79.93,8.12,6.6,7.2,42.25
2023-09-08,15.55,23.9,2.07,1001,80.5,25.64,6.6,7.2,25.88
2023-09-09,15.65,24.1,2.05,1010,80.61,25.23,6.6,7.2,26.71
2023-09-10,16.23,25.25,2.07,1020,80.04,7.59,6.6,7.2,37.92
2023-09-11,16.18,25.15,2.08,1006,79.98,7.07,6.6,7.2,40.5
2023-09-12,15.75,24.3,2.05,1017,80.84,5.65,6.6,7.2,55.38
2023-09-13,16.2,25.2,2.09,1003,79.93,7.48,6.6,7.2,44.21
2023-09-14,13.2,19.2,2.09,1008,70.01,8.34,6.6,7.2,35.96
2023-09-15,16.78,26.35,2.1,1011,79.59,8.81,6.6,7.2,41.83
2023-09-16,16.78,26.35,2.05,1016,79.36,7.94,6.6,7.2,35.92
2023-09-17,19.0,30.8,1.96,1013,79.53,7.74,6.6,7.2,34.54
2023-09-18,15.92,24.65,1.89,1019,78.85,26.46,6.6,7.2,29.88
2023-09-19,16.1,25.0,1.94,1020,79.47,8.09,6.6,7.2,47.25
2023-09-20,15.7,24.2,1.96,1005,79.41,8.54,6.6,7.2,36.21
2023-09-21,15.85,24.5,1.96,1006,79.81,7.62,6.6,7.2,28.25
2023-09-22,15.72,24.25,1.96,1002,80.21,7.93,6.6,7.2,23.79
2023-09-23,15.3,23.4,1.99,1015,80.32,7.41,6.6,7.2,34.5
2023-09-24,15.3,23.4,1.89,1015,80.27,9.25,6.6,7.2,21.29
2023-09-25,15.28,23.35,1.87,1008,79.81,8.5,6.6,7.2,29.25
2023-09-26,15.75,24.3,1.97,1007,79.58,8.2,6.6,7.2,44.75
2023-09-27,16.03,24.85,1.97,1017,79.7,7.75,6.6,7.2,43.21
2023-09-28,12.85,18.5,1.98,1020,79.58,7.67,6.6,7.2,50.5
2023-09-29,16.12,25.05,1.94,1013,79.64,7.78,6.6,7.2,56.25
2023-09-30,15.22,23.25,1.92,1008,79.98,7.62,6.6,7.2,65.12
2023-10-01,15.88,24.55,1.98,1013,77.5,6.87,6.28,7.2,62.67
2023-10-02,14.35,21.5,1.98,1004,78.38,6.45,6.28,7.2,42.62
2023-10-03,17.35,27.5,1.99,1003,78.33,6.17,6.28,7.2,43.04
2023-10-04,13.88,20.55,1.96,1008,78.66,6.13,6.28,7.2,20.38
2023-10-05,15.05,22.9,1.9,1007,76.94,8.58,6.28,7.2,14.21
2023-10-06,14.95,22.7,1.87,1014,77.27,7.8,6.28,7.2,21.42
2023-10-07,15.17,23.15,1.87,1015,77.11,7.64,6.28,7.2,30.33
2023-10-08,17.85,28.5,1.75,1008,76.67,7.34,6.28,7.2,56.33
2023-10-09,14.7,22.2,1.78,1013,76.83,6.02,6.28,7.2,98.29
2023-10-10,15.0,22.8,1.79,1005,76.78,5.69,6.28,7.2,120.38
2023-10-11,14.57,21.95,3.43,1003,76.48,6.54,6.28,7.2,106.83
2023-10-12,14.4,21.6,1.68,1012,76.61,6.58,6.28,7.2,93.62
2023-10-13,14.4,21.6,1.69,1004,76.67,6.46,6.28,7.2,79.38
2023-10-14,14.55,21.9,1.57,1008,76.45,6.59,6.28,7.2,67.12
2023-10-15,13.57,19.95,1.5,1011,76.45,7.5,6.28,7.2,63.71
2023-10-16,13.88,20.55,1.52,1020,76.5,6.76,6.28,7.2,74.21
2023-10-17,13.2,19.2,1.34,1018,75.9,8.65,6.28,7.2,48.54
2023-10-18,13.32,19.45,1.37,1013,76.55,7.87,6.28,7.2,55.33
2023-10-19,12.82,18.45,1.31,1009,76.22,8.24,6.28,7.2,52.88
2023-10-20,12.92,18.65,1.31,1017,76.28,26.07,6.28,7.2,48.88
2023-10-21,13.2,19.2,2.98,1003,85.97,8.09,6.28,7.2,55.38
2023-10-22,12.62,18.05,1.19,1006,75.57,8.21,6.28,7.2,57.88
2023-10-23,12.72,18.25,2.9,1017,85.49,8.41,6.28,7.2,57.54
2023-10-24,12.72,18.25,1.21,1012,75.57,8.31,6.28,7.2,52.0
2023-10-25,13.03,18.85,1.2,1017,75.36,8.61,6.28,7.2,49.21
2023-10-26,12.92,18.65,1.24,1014,75.52,8.68,6.28,7.2,39.62
2023-10-27,12.95,18.7,1.27,1012,76.06,8.35,6.28,7.2,42.0
2023-10-28,12.72,18.25,1.19,1018,75.84,8.5,6.28,7.2,48.79
2023-10-29,9.2,11.2,2.95,1003,85.79,7.34,6.28,7.2,62.58
2023-10-30,12.95,18.7,1.27,1008,75.84,7.41,6.28,7.2,67.29
2023-10-31,13.12,19.05,1.25,1018,75.63,8.21,6.28,7.2,59.42
2023-11-01,12.47,17.75,1.26,1009,82.25,6.57,6.28,7.2,69.33
2023-11-02,16.2,25.2,1.21,1009,81.95,8.02,6.28,7.2,67.38
2023-11-03,12.6,18.0,1.28,1016,81.95,8.25,6.28,7.2,59.12
2023-11-04,12.6,18.0,1.24,1001,82.3,7.78,6.28,7.2,64.25
2023-11-05,12.22,17.25,1.13,1015,81.72,5.98,6.28,7.2,78.88
2023-11-06,12.22,17.25,1.24,1014,82.13,4.74,6.28,7.2,116.21
2023-11-07,12.15,17.1,1.16,1006,82.19,5.96,6.28,7.2,109.29
2023-11-08,12.03,16.85,0.94,1001,81.13,6.96,6.28,7.2,94.33
2023-11-09,7.8,8.4,0.92,1011,81.07,7.29,6.28,7.2,94.33
2023-11-10,15.3,23.4,1.07,1005,81.89,6.52,6.28,7.2,94.33
2023-11-11,11.82,16.45,1.12,1017,82.72,5.56,6.28,7.2,94.33
2023-11-12,11.57,15.95,1.03,1001,81.89,6.04,6.28,7.2,94.33
2023-11-13,12.05,16.9,1.11,1013,82.36,6.28,6.28,7.2,94.33
2023-11-14,11.8,16.4,1.05,1004,81.31,7.02,6.28,7.2,94.33
2023-11-15,11.88,16.55,1.13,1013,82.13,7.36,6.28,7.2,94.33
2023-11-16,12.0,16.8,1.09,1012,81.83,7.13,6.28,7.2,94.33
2023-11-17,11.88,16.55,1.09,1002,81.95,7.75,6.28,7.2,94.33
2023-11-18,12.03,16.85,1.06,1005,81.89,8.32,6.28,7.2,94.33
2023-11-19,11.75,16.3,1.1,1005,82.01,7.32,6.28,7.2,94.33
2023-11-20,11.85,16.5,1.14,1001,82.07,8.0,6.28,7.2,94.33
2023-11-21,11.97,16.75,1.17,1008,82.42,7.59,6.28,7.2,94.33
2023-11-22,11.67,16.15,1.11,1010,82.36,7.14,6.28,7.2,94.33
2023-11-23,11.67,16.15,1.09,1005,82.12,7.25,6.28,7.2,118.15
2023-11-24,11.88,16.55,1.15,1001,82.24,6.86,6.28,7.2,115.42
2023-11-25,12.12,17.05,1.16,1011,82.42,6.93,6.28,7.2,109.58
2023-11-26,12.12,17.05,1.09,1003,81.83,6.62,6.28,7.2,119.0
2023-11-27,12.12,17.05,1.1,1003,82.07,7.06,6.28,7.2,125.54
2023-11-28,12.12,17.05,1.12,1002,82.13,7.35,6.28,7.2,125.08
2023-11-29,12.12,17.05,1.07,1004,82.18,6.85,6.28,7.2,121.0
2023-11-30,12.12,17.05,1.04,1011,82.77,5.69,6.28,7.2,139.08
2023-12-01,12.12,17.05,0.98,1004,76.91,7.26,6.12,7.2,127.67
2023-12-02,12.12,17.05,0.77,1016,76.13,7.94,6.12,7.2,117.96
2023-12-03,12.12,17.05,0.67,1002,75.69,7.83,6.12,7.2,111.21
2023-12-04,12.12,17.05,0.76,1006,76.57,6.38,6.12,7.2,147.75
2023-12-05,12.12,17.05,0.87,1004,76.74,6.88,6.12,7.2,145.0
2023-12-06,12.12,17.05,0.97,1019,77.51,6.29,6.12,7.2,131.08
2023-12-07,12.12,17.05,1.01,1012,78.8,3.32,6.12,7.2,184.04
2023-12-08,12.12,17.05,0.87,1016,77.73,6.09,6.12,7.2,152.29
2023-12-09,12.12,17.05,0.77,1010,77.18,6.77,6.12,7.2,133.42
2023-12-10,12.12,17.05,0.73,1019,77.06,6.91,6.12,7.2,125.25
2023-12-11,12.12,17.05,0.76,1019,77.23,6.05,6.12,7.2,140.42
2023-12-12,12.12,17.05,0.68,1001,76.73,6.66,6.12,7.2,133.0
2023-12-13,12.12,17.05,0.67,1003,77.28,7.11,6.12,7.2,120.46
2023-12-14,12.12,17.05,0.71,1007,77.51,6.52,6.12,7.2,131.71
2023-12-15,12.12,17.05,0.75,1004,77.68,5.68,6.12,7.2,147.33
2023-12-16,12.12,17.05,0.76,1011,77.29,5.21,6.12,7.2,152.92
2023-12-17,12.12,17.05,0.76,1015,77.07,6.53,6.12,7.2,147.33
2023-12-18,12.12,17.05,0.66,1005,77.06,6.88,6.12,7.2,139.38
2023-12-19,12.12,17.05,0.58,1008,77.01,6.7,6.12,7.2,133.71
2023-12-20,12.12,17.05,0.57,1010,77.28,5.99,6.12,7.2,152.25
2023-12-21,12.12,17.05,0.54,1015,76.4,6.52,6.12,7.2,153.75
2023-12-22,12.12,17.05,0.56,1014,76.34,6.24,6.12,7.2,159.33
2023-12-23,12.12,17.05,0.61,1012,76.79,5.93,6.12,7.2,168.92
2023-12-24,12.12,17.05,0.63,1002,77.01,6.79,6.12,7.2,155.17
2023-12-25,12.12,17.05,0.7,1012,77.12,7.21,6.12,7.2,138.83
2023-12-26,12.12,17.05,0.83,1010,77.4,6.79,6.12,7.2,143.79
2023-12-27,12.12,17.05,0.85,1008,77.23,6.81,6.12,7.2,130.58
2023-12-28,12.12,17.05,0.81,1016,77.12,6.77,6.12,7.2,125.67
2023-12-29,12.12,17.05,0.81,1005,77.23,6.57,6.12,7.2,146.79
2023-12-30,12.12,17.05,0.8,1006,77.51,6.91,6.12,7.2,139.58
2023-12-31,12.12,17.05,0.8,1014,77.51,6.91,6.12,7.2,139.96
